Product Name,Supported Apps,OS,Resolution,Speaker Output,Refresh Rate,Rating,Original Price,Discounted Price
Vu Premium 139 cm (55 inch) Ultra HD (4K) LED Smart Android TV,Netflix|Prime Video|Disney+Hotstar|Youtube,Operating System: Android,Ultra HD (4K) 3840 x 2160 Pixels,30 W Speaker Output,60 Hz Refresh Rate,4.4,56000,43999
iFFALCON by TCL 138.6 cm (55 inch) Ultra HD (4K) LED Smart Android TV with HandsFree Voice Search,Netflix|Disney+Hotstar|Youtube,Operating System: Android,Ultra HD (4K) 3840 x 2160 Pixels,30 W Speaker Output,60 Hz Refresh Rate,4.3,106990,36999
iFFALCON by TCL 108 cm (43 inch) Ultra HD (4K) LED Smart Android TV,Netflix|Disney+Hotstar|Youtube,Operating System: Android,Ultra HD (4K) 3840 x 2160 Pixels,24 W Speaker Output,60 Hz Refresh Rate,4.2,47990,29999
realme SLED 139 cm (55 inch) Ultra HD (4K) LED Smart Android TV,Netflix|Prime Video|Disney+Hotstar|Youtube,Operating System: Android,Ultra HD (4K) 3840 x 2160 Pixels,24 W Speaker Output,60 Hz Refresh Rate,4.3,69999,44999
TOSHIBA U50 Series 108 cm (43 inch) Ultra HD (4K) LED Smart TV with Dolby Vision & ATMOS,Netflix|Prime Video|Youtube,Operating System: VIDAA,Ultra HD (4K) 3840 x 2160 Pixels,24 W Speaker Output,60 Hz Refresh Rate,4.3,39990,30999
Nokia 164 cm (65 inch) Ultra HD (4K) LED Smart Android TV with Sound by Onkyo,Netflix|Prime Video|Disney+Hotstar|Youtube,Operating System: Android,Ultra HD (4K) 3840 x 2160 Pixels,48 W Speaker Output,60 Hz Refresh Rate,4.3,79999,64999
SAMSUNG The Frame 2020 Series 125 cm (50 inch) QLED Ultra HD (4K) Smart TV,Netflix|Prime Video|Apple TV|Disney+Hotstar|Youtube,Operating System: Tizen,Ultra HD (4K) 3840 x 2160 Pixels,20 W Speaker Output,60 Hz Refresh Rate,4.6,112900,72999
MOTOROLA ZX 127 cm (50 inch) Ultra HD (4K) LED Smart Android TV with Wireless Gamepad,Netflix|Prime Video|Disney+Hotstar|Youtube,Operating System: Android,Ultra HD (4K) 3840 x 2160 Pixels,30 W Speaker Output,60 Hz Refresh Rate,4.3,54050,37999
Mi 4X 108 cm (43 inch) Ultra HD (4K) LED Smart Android TV,Netflix|Prime Video|Disney+Hotstar|Youtube,Operating System: Android,Ultra HD (4K) 3840 x 2160 Pixels,20 W Speaker Output,60 Hz Refresh Rate,4.4,34999,29999
Mi 4X 138.8 cm (55 inch) Ultra HD (4K) LED Smart TV,Netflix|Prime Video|Disney+Hotstar|Youtube,Operating System: Android Based,Ultra HD (4K) 3840 x 2160 Pixels,20 W Speaker Output,60 Hz Refresh Rate,4.4,49999,44999
Vu Premium 108 cm (43 inch) Ultra HD (4K) LED Smart Android TV,Netflix|Prime Video|Disney+Hotstar|Youtube,Operating System: Android,Ultra HD (4K) 3840 x 2160 Pixels,24W Speaker Output,60 Hz Refresh Rate,4.4,50000,30999
MOTOROLA ZX Pro 127 cm (50 inch) Ultra HD (4K) LED Smart Android TV with Wireless Gamepad,Netflix|Prime Video|Disney+Hotstar|Youtube,Operating System: Android,Ultra HD (4K) 3840 x 2160 Pixels,50 W Speaker Output,60 Hz Refresh Rate,4.4,54999,38999
Nokia 108 cm (43 inch) Ultra HD (4K) LED Smart Android TV with Sound by Onkyo,Netflix|Prime Video|Disney+Hotstar|Youtube,Operating System: Android,Ultra HD (4K) 3840 x 2160 Pixels,39 W Speaker Output,60 Hz Refresh Rate,4.3,45999,31999
Vu Masterpiece 215 cm (85 inch) QLED Ultra HD (4K) Smart Android TV,Netflix|Prime Video|Disney+Hotstar|Youtube,Operating System: Android,Ultra HD (4K) 3840 x 2160 Pixels,50 W Speaker Output,120 Hz Refresh Rate,4.6,350000,279999
PHILIPS 164 cm (65 inch) Ultra HD (4K) LED Smart TV,Netflix|Youtube,Operating System: Linux based,Ultra HD (4K) 3840 x 2160 Pixels,20 W Speaker Output,64 Hz Refresh Rate,5.0,199990,79999
MOTOROLA ZX 109 cm (43 inch) Ultra HD (4K) LED Smart Android TV with Wireless Gamepad,Netflix|Prime Video|Disney+Hotstar|Youtube,Operating System: Android,Ultra HD (4K) 3840 x 2160 Pixels,20 W Speaker Output,60 Hz Refresh Rate,4.3,46050,30999
Thomson 140 cm (55 inch) Ultra HD (4K) LED Smart TV,Netflix|Disney+Hotstar|Youtube,Operating System: Android Based,Ultra HD (4K) 3840 x 2160 Pixels,24 W Speaker Output,60 Hz Refresh Rate,4.1,49999,29999
SAMSUNG The Frame 2020 Series 163 cm (65 inch) QLED Ultra HD (4K) Smart TV,Netflix|Prime Video|Apple TV|Disney+Hotstar|Youtube,Operating System: Tizen,Ultra HD (4K) 3840 x 2160 Pixels,40 W Speaker Output,120 Hz Refresh Rate,4.6,222900,129999
iFFALCON by TCL 163.82 cm (65 inch) Ultra HD (4K) LED Smart Android TV with Micro Dimming and Google A...,Netflix|Disney+Hotstar|Youtube,Operating System: Android,Ultra HD (4K) 3840 x 2160 Pixels,16 W Speaker Output,60 Hz Refresh Rate,4.4,99999,59999
iFFALCON by TCL 189.3 cm (75 inch) Ultra HD (4K) LED Smart Android TV with Harman Kardon Speakers and ...,Netflix|Disney+Hotstar|Youtube,Operating System: Android,Ultra HD (4K) 3840 x 2160 Pixels,30 W Speaker Output,120 Hz Refresh Rate,4.2,239999,149999
ONIDA Google Certified 147.32 cm (58 inch) Ultra HD (4K) LED Smart Android TV,Disney+Hotstar|Youtube,Operating System: Android,Ultra HD (4K) 3840 x 2160 Pixels,20 W Speaker Output,60 Hz Refresh Rate,4.2,79990,49999
MOTOROLA ZX Pro 139 cm (55 inch) Ultra HD (4K) LED Smart Android TV with Wireless Gamepad,Netflix|Prime Video|Disney+Hotstar|Youtube,Operating System: Android,Ultra HD (4K) 3840 x 2160 Pixels,50 W Speaker Output,60 Hz Refresh Rate,4.4,61999,43999
iFFALCON by TCL 138.6 cm (55 inch) Ultra HD (4K) LED Smart Android TV,Netflix|Disney+Hotstar|Youtube,Operating System: Android,Ultra HD (4K) 3840 x 2160 Pixels,24 W Speaker Output,60 Hz Refresh Rate,4.2,70990,43699
iFFALCON by TCL 126 cm (50 inch) Ultra HD (4K) LED Smart Android TV,Netflix|Disney+Hotstar|Youtube,Operating System: Android,Ultra HD (4K) 3840 x 2160 Pixels,24 W Speaker Output,60 Hz Refresh Rate,4.2,58990,37699
Nokia 139 cm (55 inch) Ultra HD (4K) LED Smart Android TV with Sound by Onkyo,Netflix|Prime Video|Disney+Hotstar|Youtube,Operating System: Android,Ultra HD (4K) 3840 x 2160 Pixels,48 W Speaker Output,60 Hz Refresh Rate,4.3,59999,41999
OnePlus U1S 139 cm (55 inch) Ultra HD (4K) LED Smart Android TV,Netflix|Prime Video|Disney+Hotstar|Youtube,Operating System: Android,Ultra HD (4K) 3840 x 2160 Pixels,30 W Speaker Output,60 Hz Refresh Rate,4.3,59999,52999
MOTOROLA ZX 127 cm (50 inch) Ultra HD (4K) LED Smart Android TV with Wireless Gamepad,Netflix|Prime Video|Disney+Hotstar|Youtube,Operating System: Android,Ultra HD (4K) 3840 x 2160 Pixels,30 W Speaker Output,60 Hz Refresh Rate,4.3,54050,37999
iFFALCON by TCL 138.6 cm (55 inch) Ultra HD (4K) LED Smart Android TV,Netflix|Disney+Hotstar|Youtube,Operating System: Android,Ultra HD (4K) 3840 x 2160 Pixels,24 W Speaker Output,60 Hz Refresh Rate,4.2,70990,43699
Vu Masterpiece 215 cm (85 inch) QLED Ultra HD (4K) Smart Android TV,Netflix|Prime Video|Disney+Hotstar|Youtube,Operating System: Android,Ultra HD (4K) 3840 x 2160 Pixels,50 W Speaker Output,120 Hz Refresh Rate,4.6,350000,279999
PHILIPS 164 cm (65 inch) Ultra HD (4K) LED Smart TV,Netflix|Youtube,Operating System: Linux based,Ultra HD (4K) 3840 x 2160 Pixels,20 W Speaker Output,64 Hz Refresh Rate,5.0,199990,79999
MOTOROLA ZX 109 cm (43 inch) Ultra HD (4K) LED Smart Android TV with Wireless Gamepad,Netflix|Prime Video|Disney+Hotstar|Youtube,Operating System: Android,Ultra HD (4K) 3840 x 2160 Pixels,20 W Speaker Output,60 Hz Refresh Rate,4.3,46050,30999
iFFALCON by TCL 138.6 cm (55 inch) Ultra HD (4K) LED Smart Android TV with HandsFree Voice Search,Netflix|Disney+Hotstar|Youtube,Operating System: Android,Ultra HD (4K) 3840 x 2160 Pixels,30 W Speaker Output,60 Hz Refresh Rate,4.3,106990,36999
iFFALCON by TCL 107.9 cm (43 inch) Ultra HD (4K) LED Smart Android TV with HandsFree Voice Search,Netflix|Disney+Hotstar|Youtube,Operating System: Android,Ultra HD (4K) 3840 x 2160 Pixels,30 W Speaker Output,60 Hz Refresh Rate,4.3,76990,29990
Thomson 140 cm (55 inch) Ultra HD (4K) LED Smart TV,Netflix|Disney+Hotstar|Youtube,Operating System: Android Based,Ultra HD (4K) 3840 x 2160 Pixels,24 W Speaker Output,60 Hz Refresh Rate,4.1,49999,29999
SAMSUNG The Frame 2020 Series 163 cm (65 inch) QLED Ultra HD (4K) Smart TV,Netflix|Prime Video|Apple TV|Disney+Hotstar|Youtube,Operating System: Tizen,Ultra HD (4K) 3840 x 2160 Pixels,40 W Speaker Output,120 Hz Refresh Rate,4.6,222900,129999
iFFALCON by TCL 163.82 cm (65 inch) Ultra HD (4K) LED Smart Android TV with Micro Dimming and Google A...,Netflix|Disney+Hotstar|Youtube,Operating System: Android,Ultra HD (4K) 3840 x 2160 Pixels,16 W Speaker Output,60 Hz Refresh Rate,4.4,99999,59999
SAMSUNG Crystal 4K 108 cm (43 inch) Ultra HD (4K) LED Smart TV,Netflix|Disney+Hotstar|Youtube,Operating System: Tizen,Ultra HD (4K) 3840 x 2160 Pixels,20 W Speaker Output,60 Hz Refresh Rate,4.2,52900,38999
Thomson 9R Series 139 cm (55 inch) Ultra HD (4K) LED Smart Android TV,Prime Video|Disney+Hotstar|Youtube,Operating System: Android,Ultra HD (4K) 3840 x 2160 Pixels,24 W Speaker Output,60 Hz Refresh Rate,4.4,46999,37999
iFFALCON 138.6 cm (55 inch) QLED Ultra HD (4K) Smart Android TV HandsFree Voice Search,Netflix|Disney+Hotstar|Youtube,Operating System: Android,Ultra HD (4K) 3840 x 2160 Pixels,30 W Speaker Output,60 Hz Refresh Rate,4.3,126990,63499
Vu Premium 126 cm (50 inch) Ultra HD (4K) LED Smart Android TV,Netflix|Prime Video|Disney+Hotstar|Youtube,Operating System: Android,Ultra HD (4K) 3840 x 2160 Pixels,30 W Speaker Output,60 Hz Refresh Rate,4.4,60000,36999
MOTOROLA Revou 139 cm (55 inch) Ultra HD (4K) LED Smart Android TV with Dolby Atmos and Dolby Vision,Netflix|Prime Video|Disney+Hotstar|Youtube,Operating System: Android,Ultra HD (4K) 3840 Ã— 2160 Pixels,50 W Speaker Output,60 Hz Refresh Rate,4.4,49999,44999
iFFALCON by TCL 189.3 cm (75 inch) Ultra HD (4K) LED Smart Android TV with Harman Kardon Speakers and ...,Netflix|Disney+Hotstar|Youtube,Operating System: Android,Ultra HD (4K) 3840 x 2160 Pixels,30 W Speaker Output,120 Hz Refresh Rate,4.2,239999,149999
ONIDA Google Certified 147.32 cm (58 inch) Ultra HD (4K) LED Smart Android TV,Disney+Hotstar|Youtube,Operating System: Android,Ultra HD (4K) 3840 x 2160 Pixels,20 W Speaker Output,60 Hz Refresh Rate,4.2,79990,49999
Micromax 109 cm (43 inch) Ultra HD (4K) LED Smart Android TV,Netflix|Disney+Hotstar|Youtube,Operating System: Android,Ultra HD (4K) 3840 x 2160 Pixels,20 W Speaker Output,60 Hz Refresh Rate,4.3,43990,26499
iFFALCON by TCL AI Powered K31 108 cm (43 inch) Ultra HD (4K) LED Smart Android TV with HDR 10,Netflix|Prime Video|Disney+Hotstar|Youtube,Operating System: Android,Ultra HD (4K) 3840 x 2160 Pixels,20 W Speaker Output,60 Hz Refresh Rate,4.4,47990,29999
Micromax 124 cm (49 inch) Ultra HD (4K) LED Smart Android TV,Netflix|Disney+Hotstar|Youtube,Operating System: Android,Ultra HD (4K) 3840 x 2160 Pixels,30 W Speaker Output,60 Hz Refresh Rate,4.1,59990,42490
Mi 4X Pro 138.8 cm (55 inch) Ultra HD (4K) LED Smart Android TV with Android,Disney+Hotstar|Youtube,Operating System: Android,Ultra HD (4K) 3840 x 2160 Pixels,20 W Speaker Output,60 Hz Refresh Rate,4.4,49999,39999
Vu Premium Android 138 cm (55 inch) Ultra HD (4K) LED Smart Android TV with Cricket Mode,Disney+Hotstar|Youtube,Operating System: Android,Ultra HD (4K) 3840 x 2160 Pixels,24 W Speaker Output,60 Hz Refresh Rate,4.4,58000,36999
Nokia 126 cm (50 inch) Ultra HD (4K) LED Smart Android TV with Sound by Onkyo,Netflix|Prime Video|Disney+Hotstar|Youtube,Operating System: Android,Ultra HD (4K) 3840 x 2160 Pixels,48 W Speaker Output,60 Hz Refresh Rate,4.3,54999,38999
SAMSUNG Crystal 4K Pro 108 cm (43 inch) Ultra HD (4K) LED Smart TV with Voice Search,Netflix|Disney+Hotstar|Youtube,Operating System: Tizen,Ultra HD (4K) 3840 x 2160 Pixels,20 W Speaker Output,60 Hz Refresh Rate,4.4,54900,40999
SAMSUNG Crystal 4K Pro 138 cm (55 inch) Ultra HD (4K) LED Smart TV with Voice Search,Netflix|Disney+Hotstar|Youtube,Operating System: Tizen,Ultra HD (4K) 3840 x 2160 Pixels,20 W Speaker Output,60 Hz Refresh Rate,4.4,76900,58999
iFFALCON by TCL 138.6 cm (55 inch) Ultra HD (4K) LED Smart Android TV,Netflix|Disney+Hotstar|Youtube,Operating System: Android,Ultra HD (4K) 3840 x 2160 Pixels,24 W Speaker Output,60 Hz Refresh Rate,4.2,70990,43699
SAMSUNG 108 cm (43 inch) Ultra HD (4K) LED Smart TV,Netflix|Disney+Hotstar|Youtube,Operating System: Tizen,Ultra HD (4K) 3840 x 2160 Pixels,20 W Speaker Output,60 Hz Refresh Rate,4.3,48900,38999
Vu Premium Android 163cm (65 inch) Ultra HD (4K) LED Smart TV,Disney+Hotstar|Youtube,Operating System: Android,Ultra HD (4K) 3840 x 2160 Pixels,30 W Speaker Output,60 Hz Refresh Rate,4.4,83000,58704
MOTOROLA 189 cm (75 inch) Ultra HD (4K) LED Smart Android TV with Wireless Gamepad,Netflix|Prime Video|Disney+Hotstar|Youtube,Operating System: Android,Ultra HD (4K) 3840 x 2160 Pixels,30 W Speaker Output,60 Hz Refresh Rate,4.2,261900,119999
iFFALCON by TCL 138.6 cm (55 inch) Ultra HD (4K) LED Smart Android TV with HandsFree Voice Search,Netflix|Disney+Hotstar|Youtube,Operating System: Android,Ultra HD (4K) 3840 x 2160 Pixels,30 W Speaker Output,60 Hz Refresh Rate,4.3,106990,36999
iFFALCON by TCL AI Powered K3A 138.78 cm (55 inch) Ultra HD (4K) LED Smart Android TV with Super Narro...,Netflix|Prime Video|Disney+Hotstar|Youtube,Operating System: Android,Ultra HD (4K) 3840 x 2160 Pixels,20 W Speaker Output,60 Hz Refresh Rate,4.5,89990,38999
TOSHIBA U79 Series 164 cm (65 inch) Ultra HD (4K) LED Smart TV with Dolby Vision & ATMOS,Netflix|Prime Video|Youtube,Operating System: VIDAA,Ultra HD (4K) 3840 x 2160 Pixels,24 W Speaker Output,60 Hz Refresh Rate,4.5,84990,68999
Vu Pixelight 138 cm (55 inch) Ultra HD (4K) LED Smart TV,Netflix|Youtube,Operating System: Linux,Ultra HD (4K) 3840 x 2160 Pixels,24 W Speaker Output,60 Hz Refresh Rate,4.3,50990,32200
Vu Pixelight 126 cm (50 inch) Ultra HD (4K) LED Smart TV,Netflix|Youtube,Operating System: Linux,Ultra HD (4K) 3840 x 2160 Pixels,24 W Speaker Output,60 Hz Refresh Rate,4.4,41990,27999
Vu 190 cm (75 inch) Ultra HD (4K) LED Smart Android TV,Disney+Hotstar|Youtube,Operating System: Android,Ultra HD (4K) 3840 x 2160 Pixels,30 W Speaker Output,60 Hz Refresh Rate,4.4,250000,108000
Vu Premium Android 108cm (43 inch) Ultra HD (4K) LED Smart TV,Disney+Hotstar|Youtube,Operating System: Android,Ultra HD (4K) 3840 x 2160 Pixels,20 W Speaker Output,60 Hz Refresh Rate,4.4,43000,26990
SAMSUNG Crystal 4K Pro 125 cm (50 inch) Ultra HD (4K) LED Smart TV with Voice Search,Netflix|Disney+Hotstar|Youtube,Operating System: Tizen,Ultra HD (4K) 3840 x 2160 Pixels,20 W Speaker Output,60 Hz Refresh Rate,4.4,71400,53999
SAMSUNG Crystal 4K 138 cm (55 inch) Ultra HD (4K) LED Smart TV,Netflix|Disney+Hotstar|Youtube,Operating System: Tizen,Ultra HD (4K) 3840 x 2160 Pixels,20 W Speaker Output,60 Hz Refresh Rate,4.2,69900,54999
SAMSUNG The Frame 2020 Series 138 cm (55 inch) QLED Ultra HD (4K) Smart TV,Netflix|Prime Video|Apple TV|Disney+Hotstar|Youtube,Operating System: Tizen,Ultra HD (4K) 3840 x 2160 Pixels,40 W Speaker Output,120 Hz Refresh Rate,4.6,129900,81999
PHILIPS 6600 Series 126 cm (50 inch) Ultra HD (4K) LED Smart TV,Netflix|Youtube,Operating System: Linux based,Ultra HD (4K) 3840 x 2160 Pixels,20 W Speaker Output,60 Hz Refresh Rate,4.2,105990,39999
Vu 126 cm (50 inch) Ultra HD (4K) LED Smart Android TV,Netflix|Disney+Hotstar|Youtube,Operating System: Android,Ultra HD (4K) 3840 x 2160 Pixels,40 W Speaker Output,60 Hz Refresh Rate,4.1,60000,40999
SAMSUNG The Frame 2021 Series 138 cm (55 inch) QLED Ultra HD (4K) Smart TV,Netflix|Prime Video|Disney+Hotstar|Youtube,Operating System: Tizen,Ultra HD (4K) 3840 x 2160 Pixels,40 W Speaker Output,120 Hz Refresh Rate,4.3,144900,93999
OnePlus U Series 138.8 cm (55 inch) Ultra HD (4K) LED Smart Android TV,Netflix|Prime Video|Disney+Hotstar|Youtube,Operating System: Android,Ultra HD (4K) 3840 x 2160 Pixels,30 W Speaker Output,60 Hz Refresh Rate,4.3,59999,52999
SAMSUNG Crystal 4K 125 cm (50 inch) Ultra HD (4K) LED Smart TV,Netflix|Disney+Hotstar|Youtube,Operating System: Tizen,Ultra HD (4K) 3840 x 2160 Pixels,20 W Speaker Output,60 Hz Refresh Rate,4.2,68400,50999
MOTOROLA ZX 164 cm (65 inch) Ultra HD (4K) LED Smart Android TV with Wireless Gamepad,Netflix|Prime Video|Disney+Hotstar|Youtube,Operating System: Android,Ultra HD (4K) 3840 x 2160 Pixels,30 W Speaker Output,60 Hz Refresh Rate,4.3,115399,62999
TOSHIBA U50 Series 126 cm (50 inch) Ultra HD (4K) LED Smart TV with Dolby Vision & ATMOS,Netflix|Prime Video|Youtube,Operating System: VIDAA,Ultra HD (4K) 3840 x 2160 Pixels,30 W Speaker Output,60 Hz Refresh Rate,4.3,46990,37999
SAMSUNG 125 cm (50 inch) Ultra HD (4K) LED Smart TV,Netflix|Disney+Hotstar|Youtube,Operating System: Tizen,Ultra HD (4K) 3840 x 2160 Pixels,20 W Speaker Output,60 Hz Refresh Rate,4.1,70900,54500
Vu Premium 164 cm (65 inch) Ultra HD (4K) LED Smart Android TV,Netflix|Disney+Hotstar|Youtube,Operating System: Android,Ultra HD (4K) 3840 x 2160 Pixels,30 W Speaker Output,60 Hz Refresh Rate,4.4,75000,62999
Vu 139 cm (55 inch) Ultra HD (4K) LED Smart Android TV,Netflix|Disney+Hotstar|Youtube,Operating System: Android,Ultra HD (4K) 3840 x 2160 Pixels,30 W Speaker Output,60 Hz Refresh Rate,4.4,75000,47290
iFFALCON by TCL 138.6 cm (55 inch) Ultra HD (4K) LED Smart Android TV,Netflix|Disney+Hotstar|Youtube,Operating System: Android,Ultra HD (4K) 3840 x 2160 Pixels,24 W Speaker Output,60 Hz Refresh Rate,4.2,70990,43699
SAMSUNG Crystal 4K 163 cm (65 inch) Ultra HD (4K) LED Smart TV,Netflix|Disney+Hotstar|Youtube,Operating System: Tizen,Ultra HD (4K) 3840 x 2160 Pixels,20 W Speaker Output,60 Hz Refresh Rate,4.2,116900,87999
Coocaa 138 cm (55 inch) Ultra HD (4K) LED Smart Android TV with 10.0 Q,Netflix|Prime Video|Disney+Hotstar|Youtube,Operating System: Android,Ultra HD (4K) 3840 x 2160 Pixels,20 W Speaker Output,60 Hz Refresh Rate,4.3,73990,40499
MOTOROLA ZX 139 cm (55 inch) Ultra HD (4K) LED Smart Android TV with Wireless Gamepad,Netflix|Prime Video|Disney+Hotstar|Youtube,Operating System: Android,Ultra HD (4K) 3840 x 2160 Pixels,30 W Speaker Output,60 Hz Refresh Rate,4.3,61600,40999
iFFALCON by TCL 138.6 cm (55 inch) Ultra HD (4K) LED Smart Android TV with HandsFree Voice Search,Netflix|Disney+Hotstar|Youtube,Operating System: Android,Ultra HD (4K) 3840 x 2160 Pixels,30 W Speaker Output,60 Hz Refresh Rate,4.3,106990,36999
Coocaa 127 cm (50 inch) Ultra HD (4K) LED Smart TV,Netflix|Prime Video|Youtube,Operating System: Linux,Ultra HD (4K) 3840 x 2160 Pixels,20 W Speaker Output,60 Hz Refresh Rate,4.2,53990,29999
SAMSUNG 139 cm (55 inch) Ultra HD (4K) LED Smart TV,Netflix|Disney+Hotstar|Youtube,Operating System: Tizen,Ultra HD (4K) 3840 x 2160 Pixels,20 W Speaker Output,60 Hz Refresh Rate,4.2,86900,59890
SAMSUNG The Frame 2021 Series 163 cm (65 inch) QLED Ultra HD (4K) Smart TV,Netflix|Prime Video|Disney+Hotstar|Youtube,Operating System: Tizen,Ultra HD (4K) 3840 x 2160 Pixels,40 W Speaker Output,120 Hz Refresh Rate,4.3,222900,129999
SAMSUNG Q Series 138 cm (55 inch) QLED Ultra HD (4K) Smart TV,Netflix|Disney+Hotstar|Youtube,Operating System: Tizen,Ultra HD (4K) 3840 x 2160 Pixels,40 W Speaker Output,200 Hz Refresh Rate,4.3,244900,159500
SAMSUNG 108 cm (43 inch) Ultra HD (4K) LED Smart TV,Netflix|Disney+Hotstar|Youtube,Operating System: Tizen,Ultra HD (4K) 3840 x 2160 Pixels,20 W Speaker Output,60 Hz Refresh Rate,4.1,60900,48990
SAMSUNG Series 7 163 cm (65 inch) Ultra HD (4K) LED Smart TV,Netflix|Disney+Hotstar|Youtube,Operating System: Tizen,Ultra HD (4K) 3840 x 2160 Pixels,20 W Speaker Output,100 Hz Refresh Rate,4.9,209900,122299
SAMSUNG 108 cm (43 inch) Ultra HD (4K) LED Smart TV,Netflix|Disney+Hotstar|Youtube,Operating System: Tizen,Ultra HD (4K) 1920 x 1080 Pixels,20 W Speaker Output,60 Hz Refresh Rate,4.2,56900,45990
SAMSUNG Q70RAK 138 cm (55 inch) QLED Ultra HD (4K) Smart TV,Netflix|Disney+Hotstar|Youtube,Operating System: Tizen,Ultra HD (4K) 3840 x 2160 Pixels,40 W Speaker Output,200 Hz Refresh Rate,4.6,169900,128999
iFFALCON by TCL 163.8 cm (65 inch) Ultra HD (4K) LED Smart Android TV,Netflix|Disney+Hotstar|Youtube,Operating System: Android,Ultra HD (4K) 3840 x 2160 Pixels,16 W Speaker Output,60 Hz Refresh Rate,4.1,109990,59999
SAMSUNG The Serif Series 108 cm (43 inch) QLED Ultra HD (4K) Smart TV,Netflix|Prime Video|Disney+Hotstar|Youtube,Operating System: Tizen,Ultra HD (4K) 3840 x 2160 Pixels,40 W Speaker Output,60 Hz Refresh Rate,4.9,94900,64999
SAMSUNG Series 7 123 cm (49 inch) Ultra HD (4K) LED Smart TV,Netflix|Disney+Hotstar|Youtube,Operating System: Tizen,Ultra HD (4K) 3840 x 2160 Pixels,20 W Speaker Output,60 Hz Refresh Rate,4.6,99900,64499
Micromax 139 cm (55 inch) Ultra HD (4K) LED Smart Android TV,Netflix|Disney+Hotstar|Youtube,Operating System: Android,Ultra HD (4K) 3840 x 2160 Pixels,30 W Speaker Output,60 Hz Refresh Rate,4.1,69990,49999
SAMSUNG The Frame 2021 Series 125 cm (50 inch) QLED Ultra HD (4K) Smart TV,Netflix|Prime Video|Disney+Hotstar|Youtube,Operating System: Tizen,Ultra HD (4K) 3840 x 2160 Pixels,20 W Speaker Output,60 Hz Refresh Rate,4.3,119900,79999
SAMSUNG Q70RAK 163 cm (65 inch) QLED Ultra HD (4K) Smart TV,Netflix|Disney+Hotstar|Youtube,Operating System: Tizen,Ultra HD (4K) 3840 x 2160 Pixels,40 W Speaker Output,200 Hz Refresh Rate,5.0,279900,224999
Haier 127 cm (50 inch) Ultra HD (4K) LED Smart Android TV,Netflix|Prime Video|Disney+Hotstar|Youtube,Operating System: Android,Ultra HD (4K) 3840 x 2160 Pixels,20 W Speaker Output,60 Hz Refresh Rate,4.3,54990,43999
SAMSUNG 108 cm (43 inch) QLED Ultra HD (4K) Smart TV,Netflix|Disney+Hotstar|Youtube,Operating System: Tizen,Ultra HD (4K) 3840 x 2160 Pixels,20 W Speaker Output,60 Hz Refresh Rate,4.1,78900,57590
Haier 108 cm (43 inch) Ultra HD (4K) LED Smart Android TV,Netflix|Prime Video|Disney+Hotstar|Youtube,Operating System: Android,Ultra HD (4K) 3840 x 2160 Pixels,20 W Speaker Output,60 Hz Refresh Rate,4.1,43990,34999
SAMSUNG Crystal 4K Pro 163 cm (65 inch) Ultra HD (4K) LED Smart TV with Voice Search,Netflix|Disney+Hotstar|Youtube,Operating System: Tizen,Ultra HD (4K) 3840 x 2160 Pixels,20 W Speaker Output,60 Hz Refresh Rate,4.4,125900,91999
SAMSUNG 139 cm (55 inch) Ultra HD (4K) LED Smart TV,Netflix|Disney+Hotstar|Youtube,Operating System: Tizen,Ultra HD (4K) 3840 x 2160 Pixels,20 W Speaker Output,60 Hz Refresh Rate,5.0,92900,79990
iFFALCON by TCL 138.6 cm (55 inch) Ultra HD (4K) LED Smart Android TV,Netflix|Disney+Hotstar|Youtube,Operating System: Android,Ultra HD (4K) 3840 x 2160 Pixels,24 W Speaker Output,60 Hz Refresh Rate,4.2,70990,43699
SAMSUNG Q Series 163 cm (65 inch) QLED Ultra HD (4K) Smart TV,Netflix|Disney+Hotstar|Youtube,Operating System: Tizen,Ultra HD (4K) 3840 x 2160 Pixels,40 W Speaker Output,200 Hz Refresh Rate,5.0,374900,179999
Lloyd Clara 163 cm (65 inch) Ultra HD (4K) LED Smart TV,Netflix|Youtube,Operating System: Linux based,Ultra HD (4K) 3840 x 2160 Pixels,30 W Speaker Output,50 Hz Refresh Rate,4.8,153990,74999
SAMSUNG The Serif Series 123 cm (49 inch) QLED Ultra HD (4K) Smart TV,Netflix|Prime Video|Disney+Hotstar|Youtube,Operating System: Tizen,Ultra HD (4K) 3840 x 2160 Pixels,40 W Speaker Output,60 Hz Refresh Rate,4.9,129900,89999
iFFALCON by TCL 138.6 cm (55 inch) Ultra HD (4K) LED Smart Android TV with HandsFree Voice Search,Netflix|Disney+Hotstar|Youtube,Operating System: Android,Ultra HD (4K) 3840 x 2160 Pixels,30 W Speaker Output,60 Hz Refresh Rate,4.3,106990,36999
SAMSUNG 139 cm (55 inch) QLED Ultra HD (4K) Smart TV,Netflix|Disney+Hotstar|Youtube,Operating System: Tizen,Ultra HD (4K) 3840 x 2160 Pixels,20 W Speaker Output,60 Hz Refresh Rate,4.7,134900,89990
iFFALCON 163.8 cm (65 inch) QLED Ultra HD (4K) Smart Android TV HandsFree Voice Search,Netflix|Disney+Hotstar|Youtube,Operating System: Android,Ultra HD (4K) 3840 x 2160 Pixels,30 W Speaker Output,60 Hz Refresh Rate,4.5,186990,89999
PHILIPS 6600 146 cm (58 inch) Ultra HD (4K) LED Smart TV,Netflix|Youtube,Operating System: Linux based,Ultra HD (4K) 3840 x 2160 Pixels,20 W Speaker Output,60 Hz Refresh Rate,4.2,119990,45999
SAMSUNG 147 cm (58 inch) Ultra HD (4K) LED Smart TV,Netflix|Disney+Hotstar|Youtube,Operating System: Tizen,Ultra HD (4K) 3840 x 2160 Pixels,20 W Speaker Output,60 Hz Refresh Rate,4.8,94900,69990
SAMSUNG 165.1 cm (65 inch) Ultra HD (4K) LED Smart TV,Netflix|Disney+Hotstar|Youtube,Operating System: Tizen,Ultra HD (4K) 3840 x 2160 Pixels,20 W Speaker Output,100 Hz Refresh Rate,4.5,169900,94990
SAMSUNG 138 cm (55 inch) Ultra HD (4K) LED Smart TV,Netflix|Disney+Hotstar|Youtube,Operating System: Tizen,Ultra HD (4K) 3840 x 2160 Pixels,20 W Speaker Output,60 Hz Refresh Rate,4.5,74900,60990
SAMSUNG Q60RAK 138 cm (55 inch) QLED Ultra HD (4K) Smart TV,Netflix|Disney+Hotstar|Youtube,Operating System: Tizen,Ultra HD (4K) 3840 x 2160 Pixels,20 W Speaker Output,100 Hz Refresh Rate,4.3,143900,121999
SAMSUNG The Frame 138 cm (55 inch) QLED Ultra HD (4K) Smart TV,Netflix|Prime Video|Apple TV|Disney+Hotstar|Youtube,Operating System: Tizen,Ultra HD (4K) 3840 x 2160 Pixels,40 W Speaker Output,120 Hz Refresh Rate,4.6,133900,84999
SAMSUNG 125 cm (50 inch) QLED Ultra HD (4K) Smart TV,Netflix|Disney+Hotstar|Youtube,Operating System: Tizen,Ultra HD (4K) 3840 x 2160 Pixels,20 W Speaker Output,60 Hz Refresh Rate,4.0,99900,79990
SAMSUNG 163 cm (65 inch) Ultra HD (4K) LED Smart TV,Netflix|Prime Video|Apple TV|Disney+Hotstar|Youtube,Operating System: Tizen,Ultra HD (4K) 3840 x 2160 Pixels,20 W Speaker Output,60 Hz Refresh Rate,4.5,149900,89999
Lloyd Clara 108 cm (43 inch) Ultra HD (4K) LED Smart TV,Netflix|Youtube,Operating System: Linux based,Ultra HD (4K) 3840 x 2160 Pixels,30 W Speaker Output,50 Hz Refresh Rate,4.3,69990,33999
Coocaa 109 cm (43 inch) Ultra HD (4K) LED Smart Android TV with 10.0 Q,Netflix|Prime Video|Disney+Hotstar|Youtube,Operating System: Android,Ultra HD (4K) 3840 x 2160 Pixels,16 W Speaker Output,60 Hz Refresh Rate,4.3,54990,26499
iFFALCON by TCL 164 cm (65 inch) Ultra HD (4K) LED Smart Android TV,Netflix|Disney+Hotstar|Youtube,Operating System: Android,Ultra HD (4K) 3840 x 2160 Pixels,24 W Speaker Output,60 Hz Refresh Rate,4.2,106990,54999
iFFALCON V2A 163.83 cm (65 inch) QLED Ultra HD (4K) Smart Android TV,Netflix|Disney+Hotstar|Youtube,Operating System: Android,Ultra HD (4K) 3840 x 2160 Pixels,30 W Speaker Output,60 Hz Refresh Rate,4.3,229990,89999
Coocaa 127 cm (50 inch) Ultra HD (4K) LED Smart Android TV with 10.0 Q,Netflix|Prime Video|Disney+Hotstar|Youtube,Operating System: Android,Ultra HD (4K) 3840 x 2160 Pixels,20 W Speaker Output,60 Hz Refresh Rate,4.3,64990,35999
Lloyd Clara 126 cm (50 inch) Ultra HD (4K) LED Smart TV,Netflix|Youtube,Operating System: Linux based,Ultra HD (4K) 3840 x 2160 Pixels,30 W Speaker Output,50 Hz Refresh Rate,4.4,84990,44999
SAMSUNG Q60RAK 123 cm (49 inch) QLED Ultra HD (4K) Smart TV,Netflix|Prime Video|Disney+Hotstar|Youtube,Operating System: Tizen,Ultra HD (4K) 3840 x 2160 Pixels,20 W Speaker Output,100 Hz Refresh Rate,4.8,101900,69990
ONIDA Live Genius 107.95 cm (42.5 inch) Ultra HD (4K) LED Smart TV,Youtube,Ultra HD (4K) 3840 x 2160 Pixels,16 W Speaker Output,60 Hz Refresh Rate,3 x HDMI | 2 x USB,4.1,49990,29799
Mi 4X 125.7 cm (50 inch) Ultra HD (4K) LED Smart Android TV,Netflix|Disney+Hotstar|Youtube,Operating System: Android,Ultra HD (4K) 3840 x 2160 Pixels,20 W Speaker Output,60 Hz Refresh Rate,4.4,44699,39560
iFFALCON by TCL 138.6 cm (55 inch) Ultra HD (4K) LED Smart Android TV,Netflix|Disney+Hotstar|Youtube,Operating System: Android,Ultra HD (4K) 3840 x 2160 Pixels,24 W Speaker Output,60 Hz Refresh Rate,4.2,70990,43699
ONIDA Google Certified 107.97 cm (43 inch) Ultra HD (4K) LED Smart Android TV,Disney+Hotstar|Youtube,Operating System: Android,Ultra HD (4K) 3840 x 2160 Pixels,20 W Speaker Output,60 Hz Refresh Rate,4.2,52990,31999
SAMSUNG Super 6 108 cm (43 inch) Ultra HD (4K) LED Smart TV,Netflix|Prime Video|Disney+Hotstar|Youtube,Operating System: Tizen,Ultra HD (4K) 3840 x 2160 Pixels,20 W Speaker Output,60 Hz Refresh Rate,4.5,66900,36999
Haier 127 cm (50 inch) Ultra HD (4K) LED Smart Android TV,Netflix|Youtube,Operating System: Android,Ultra HD (4K) 3840 x 2160 Pixels,30 W Speaker Output,60 Hz Refresh Rate,4.0,69990,38001
iFFALCON by TCL 138.6 cm (55 inch) Ultra HD (4K) LED Smart Android TV with HandsFree Voice Search,Netflix|Disney+Hotstar|Youtube,Operating System: Android,Ultra HD (4K) 3840 x 2160 Pixels,30 W Speaker Output,60 Hz Refresh Rate,4.3,106990,36999
SAMSUNG 123 cm (49 inch) Ultra HD (4K) LED Smart TV,Operating System: Tizen,Ultra HD (4K) 3840x2160 Pixels,40 W Speaker Output,200 Hz Refresh Rate,4 x HDMI | 3 x USB,4.4,179900,85000
SAMSUNG 108 cm (43 inch) Ultra HD (4K) LED Smart TV,Netflix|Disney+Hotstar|Youtube,Operating System: Tizen,Ultra HD (4K) 3840 x 2160 Pixels,20 W Speaker Output,120 Hz Refresh Rate,4.4,77900,43382
SAMSUNG 108 cm (43 inch) Ultra HD (4K) LED Smart TV,Netflix|Disney+Hotstar|Youtube,Operating System: Tizen,Ultra HD (4K) 3840 x 2160 Pixels,20 W Speaker Output,100 Hz Refresh Rate,4.4,59900,37990
SAMSUNG UHD 8 Series 108 cm (43 inch) Ultra HD (4K) LED Smart TV,Netflix|Disney+Hotstar|Youtube,Operating System: Linux,Ultra HD (4K) 3840 x 2160 Pixels,20 W Speaker Output,60 Hz Refresh Rate,4.4,56900,41470
SAMSUNG 125 cm (50 inch) Ultra HD (4K) LED Smart TV,Netflix|Disney+Hotstar|Youtube,Operating System: Tizen,Ultra HD (4K) 3840 x 2160 Pixels,20 W Speaker Output,100 Hz Refresh Rate,4.6,88900,49500
OnePlus Q1 Series 138.8 cm (55 inch) QLED Ultra HD (4K) Smart Android TV,Netflix|Prime Video|Disney+Hotstar|Youtube,Operating System: Android,Ultra HD (4K) 3840 x 2160 Pixels,50 W Speaker Output,60 Hz Refresh Rate,4.5,69900,62899
SAMSUNG 125 cm (50 inch) Ultra HD (4K) LED Smart TV,Netflix|Disney+Hotstar|Youtube,Operating System: Tizen,Ultra HD (4K) 3840 x 2160 Pixels,20 W Speaker Output,60 Hz Refresh Rate,4.1,67069,50980
SAMSUNG 125 cm (50 inch) Ultra HD (4K) LED Smart TV,Netflix|Disney+Hotstar|Youtube,Operating System: Tizen,Ultra HD (4K) 3840 x 2160 Pixels,20 W Speaker Output,60 Hz Refresh Rate,4.4,99900,46839
SAMSUNG Series 7 138 cm (55 inch) Ultra HD (4K) LED Smart TV,Netflix|Disney+Hotstar|Youtube,Operating System: Tizen,Ultra HD (4K) 3840 x 2160 Pixels,20 W Speaker Output,100 Hz Refresh Rate,4.5,109900,61441
SAMSUNG 109.2 cm (43 inch) Ultra HD (4K) LED Smart TV,Netflix|Disney+Hotstar|Youtube,Operating System: Tizen,Ultra HD (4K) 3840 x 2160 Pixels,20 W Speaker Output,100 Hz Refresh Rate,4.2,69900,37356
Vu 108 cm (43 inch) Ultra HD (4K) LED Smart Android TV,Netflix|Disney+Hotstar|Youtube,Operating System: Android,Ultra HD (4K) 3840 x 2160 Pixels,24 W Speaker Output,60 Hz Refresh Rate,4.3,45000,30999
Vu 126 cm (50 inch) Ultra HD (4K) LED Smart Android TV,Netflix|Disney+Hotstar|Youtube,Operating System: Android,Ultra HD (4K) 3840 x 2160 Pixels,30 W Speaker Output,60 Hz Refresh Rate,4.3,60000,37900
iFFALCON by TCL AI Powered K3A 163.9 cm (65 inch) Ultra HD (4K) LED Smart Android TV with Super Narrow...,Netflix|Prime Video|Disney+Hotstar|Youtube,Operating System: Android,Ultra HD (4K) 3840 x 2160 Pixels,20 W Speaker Output,60 Hz Refresh Rate,4.5,129999,57999
OnePlus Q1 Series 138.8 cm (55 inch) QLED Ultra HD (4K) Smart Android TV Sliding Soundbar,Netflix|Prime Video|Disney+Hotstar|Youtube,Operating System: Android,Ultra HD (4K) 3840 x 2160 Pixels,50 W Speaker Output,60 Hz Refresh Rate,5.0,99900,84899
Vu Pixelight 126 cm (50 inch) Ultra HD (4K) LED Smart TV with cricket mode,Netflix|Prime Video|Youtube,Operating System: Linux,Ultra HD (4K) 3840 x 2160 Pixels,24 W Speaker Output,60 Hz Refresh Rate,4.4,41990,26360
SAMSUNG 125 cm (50 inch) Ultra HD (4K) LED Smart TV,Netflix|Disney+Hotstar|Youtube,Operating System: Tizen,Ultra HD (4K) 3840 x 2160 Pixels,20 W Speaker Output,60 Hz Refresh Rate,4.5,68400,48999
SAMSUNG 125 cm (50 inch) Ultra HD (4K) LED Smart TV,Operating System: Tizen,Ultra HD (4K) 3840x2160 Pixels,20 W Speaker Output,200 Hz Refresh Rate,3 x HDMI | 2 x USB,4.3,125900,89990
SAMSUNG Series 8 138 cm (55 inch) Ultra HD (4K) LED Smart TV,Netflix|Disney+Hotstar|Youtube,Operating System: Tizen,Ultra HD (4K) 3840 x 2160 Pixels,40 W Speaker Output,200 Hz Refresh Rate,5.0,169900,119000
SAMSUNG Series 7 108 cm (43 inch) Ultra HD (4K) LED Smart TV,Netflix|Disney+Hotstar|Youtube,Operating System: Tizen,Ultra HD (4K) 3840 x 2160 Pixels,20 W Speaker Output,100 Hz Refresh Rate,4.3,69900,47999
iFFALCON by TCL 138.6 cm (55 inch) Ultra HD (4K) LED Smart Android TV,Netflix|Disney+Hotstar|Youtube,Operating System: Android,Ultra HD (4K) 3840 x 2160 Pixels,24 W Speaker Output,60 Hz Refresh Rate,4.2,70990,43699
SAMSUNG 108 cm (43 inch) Ultra HD (4K) LED Smart TV,Netflix|Disney+Hotstar|Youtube,Operating System: Tizen,Ultra HD (4K) 3840 x 2160 Pixels,20 W Speaker Output,100 Hz Refresh Rate,4.6,67900,50199
Haier 4k Smart 140 cm (55 inch) Ultra HD (4K) LED Smart Android TV,Netflix|Prime Video|Disney+Hotstar|Youtube,Operating System: Android,Ultra HD (4K) 3840 x 2160 Pixels,20 W Speaker Output,60 Hz Refresh Rate,4.6,89990,54499
SAMSUNG 139.7 cm (55 inch) Ultra HD (4K) LED Smart TV,Netflix|Disney+Hotstar|Youtube,Operating System: Tizen,Ultra HD (4K) 3840 x 2160 Pixels,20 W Speaker Output,100 Hz Refresh Rate,4.5,104905,57500
iFFALCON by TCL 138.6 cm (55 inch) Ultra HD (4K) LED Smart Android TV with HandsFree Voice Search,Netflix|Disney+Hotstar|Youtube,Operating System: Android,Ultra HD (4K) 3840 x 2160 Pixels,30 W Speaker Output,60 Hz Refresh Rate,4.3,106990,36999
iFFALCON by TCL AI Powered K31 138.78 cm (55 inch) Ultra HD (4K) LED Smart Android TV with HDR 10,Netflix|Prime Video|Disney+Hotstar|Youtube,Operating System: Android,Ultra HD (4K) 3840 x 2160 Pixels,20 W Speaker Output,60 Hz Refresh Rate,4.4,70990,43699
SAMSUNG Q Series 138 cm (55 inch) QLED Ultra HD (4K) Smart TV,Netflix|Disney+Hotstar|Youtube,Operating System: Tizen,Ultra HD (4K) 3840 x 2160 Pixels,40 W Speaker Output,200 Hz Refresh Rate,4.0,257900,109999
Coocaa 138 cm (55 inch) Ultra HD (4K) LED Smart Android TV with HDR 10,Netflix|Prime Video|Disney+Hotstar|Youtube,Operating System: Android,Ultra HD (4K) 3840 x 2160 Pixels,20 W Speaker Output,60 Hz Refresh Rate,4.3,69999,31999
SAMSUNG Super 6 125 cm (50 inch) Ultra HD (4K) LED Smart TV,Netflix|Prime Video|Disney+Hotstar|Youtube,Operating System: Tizen,Ultra HD (4K) 3840 x 2160 Pixels,20 W Speaker Output,60 Hz Refresh Rate,4.5,94900,46999
SAMSUNG Q60RAK 108 cm (43 inch) QLED Ultra HD (4K) Smart TV,Netflix|Disney+Hotstar|Youtube,Operating System: Tizen,Ultra HD (4K) 3840 x 2160 Pixels,20 W Speaker Output,100 Hz Refresh Rate,4.5,94900,56450
SAMSUNG The Frame 163 CM (65 inch) QLED Ultra HD (4K) Smart TV,Netflix|Prime Video|Apple TV|Disney+Hotstar|Youtube,Operating System: Tizen,Ultra HD (4K) 3840 x 2160 Pixels,40 W Speaker Output,120 Hz Refresh Rate,4.6,284900,159999
ONIDA Google Certified 127 cm (50 inch) Ultra HD (4K) LED Smart Android TV,Disney+Hotstar|Youtube,Operating System: Android,Ultra HD (4K) 3840 x 2160 Pixels,20 W Speaker Output,60 Hz Refresh Rate,4.2,68990,38799
TOSHIBA U79 Series 139 cm (55 inch) Ultra HD (4K) LED Smart TV with Dolby Vision & ATMOS,Netflix|Prime Video|Youtube,Operating System: VIDAA,Ultra HD (4K) 3840 x 2160 Pixels,24 W Speaker Output,60 Hz Refresh Rate,4.5,54990,48999
iFFALCON by TCL AI Powered K31 125.73 cm (50 inch) Ultra HD (4K) LED Smart Android TV with HDR 10,Netflix|Prime Video|Disney+Hotstar|Youtube,Operating System: Android,Ultra HD (4K) 3840 x 2160 Pixels,20 W Speaker Output,60 Hz Refresh Rate,4.4,58990,37999
Vu Pixelight 138 cm (55 inch) Ultra HD (4K) LED Smart TV with Cricket Mode,Netflix|Prime Video|Youtube,Operating System: Linux,Ultra HD (4K) 3840 x 2160 Pixels,24 W Speaker Output,60 Hz Refresh Rate,4.4,49990,29950
Haier 140 cm (55 inch) Ultra HD (4K) LED Smart Android TV,Netflix|Youtube,Operating System: Android,Ultra HD (4K) 3840 x 2160 Pixels,30 W Speaker Output,60 Hz Refresh Rate,4.6,89990,46890
Coocaa 127 cm (50 inch) Ultra HD (4K) LED Smart Android TV with HDR 10,Netflix|Prime Video|Disney+Hotstar|Youtube,Operating System: Android,Ultra HD (4K) 3840 x 2160 Pixels,20 W Speaker Output,60 Hz Refresh Rate,4.3,59990,28999
SAMSUNG 139.7 cm (55 inch) Ultra HD (4K) LED Smart TV,Netflix|Disney+Hotstar|Youtube,Operating System: Tizen,Ultra HD (4K) 3840 x 2160 Pixels,20 W Speaker Output,100 Hz Refresh Rate,4.7,97348,49150
iFFALCON by TCL 163.8 cm (65 inch) Ultra HD (4K) LED Smart Android TV with HandsFree Voice Search,Netflix|Disney+Hotstar|Youtube,Operating System: Android,Ultra HD (4K) 3840 x 2160 Pixels,30 W Speaker Output,60 Hz Refresh Rate,4.3,156990,67499
Vu Quantum Pixelight 165 cm (65 inch) QLED Ultra HD (4K) Smart TV,Netflix|Youtube,Operating System: Linux based,Ultra HD (4K) 3840 x 2160 Pixels,45 W Speaker Output,100 Hz Refresh Rate,4.6,203600,105000
SAMSUNG Series 8 123 cm (49 inch) Ultra HD (4K) LED Smart TV,Netflix|Disney+Hotstar|Youtube,Operating System: Tizen,Ultra HD (4K) 3840 x 2160 Pixels,40 W Speaker Output,100 Hz Refresh Rate,4.4,129900,69990
Vu Pixelight 189 cm (75 inch) Ultra HD (4K) LED Smart TV,Netflix|Youtube,Operating System: Linux,Ultra HD (4K) 3840 x 2160 Pixels,30 W Speaker Output,60 Hz Refresh Rate,4.2,130000,84999
SAMSUNG 124.4 cm (49 inch) Ultra HD (4K) LED Smart TV,Netflix|Disney+Hotstar|Youtube,Operating System: Tizen,Ultra HD (4K) 3840 x 2160 Pixels,20 W Speaker Output,100 Hz Refresh Rate,4.6,79900,48355
SAMSUNG 138 cm (55 inch) Ultra HD (4K) LED Smart TV,Netflix|Disney+Hotstar|Youtube,Operating System: Tizen,Ultra HD (4K) 3840 x 2160 Pixels,20 W Speaker Output,100 Hz Refresh Rate,4.7,110254,52150
Vu Premium Android 108cm (43 inch) Ultra HD (4K) LED Smart TV,Disney+Hotstar|Youtube,Operating System: Android,Ultra HD (4K) 3840 x 2160 Pixels,20 W Speaker Output,60 Hz Refresh Rate,4.4,43000,26990
