Brand Name,Screen Size,Discounted Price,Original Price,Discount Percentage,Rating,Supported Apps,OS,Speaker Output,Resolution,Refresh Rate,Product Name
VU,55.0,43999.0,56000.0,21.0,4.4,Netflix|Prime Video|Disney+Hotstar|Youtube,Android,30 W,Ultra HD (4K) 3840 x 2160 Pixels,60 Hz Refresh Rate,Vu Premium 139 cm (55 inch) Ultra HD (4K) LED Smart Android TV
IFFALCON,55.0,36999.0,106990.0,65.0,4.3,Netflix|Disney+Hotstar|Youtube,Android,30 W,Ultra HD (4K) 3840 x 2160 Pixels,60 Hz Refresh Rate,iFFALCON by TCL 138.6 cm (55 inch) Ultra HD (4K) LED Smart Android TV with HandsFree Voice Search
IFFALCON,43.0,29999.0,47990.0,37.0,4.2,Netflix|Disney+Hotstar|Youtube,Android,24 W,Ultra HD (4K) 3840 x 2160 Pixels,60 Hz Refresh Rate,iFFALCON by TCL 108 cm (43 inch) Ultra HD (4K) LED Smart Android TV
REALME,55.0,44999.0,69999.0,36.0,4.3,Netflix|Prime Video|Disney+Hotstar|Youtube,Android,24 W,Ultra HD (4K) 3840 x 2160 Pixels,60 Hz Refresh Rate,realme SLED 139 cm (55 inch) Ultra HD (4K) LED Smart Android TV
TOSHIBA,43.0,30999.0,39990.0,22.0,4.3,Netflix|Prime Video|Youtube,VIDAA,24 W,Ultra HD (4K) 3840 x 2160 Pixels,60 Hz Refresh Rate,TOSHIBA U50 Series 108 cm (43 inch) Ultra HD (4K) LED Smart TV with Dolby Vision & ATMOS
NOKIA,65.0,64999.0,79999.0,19.0,4.3,Netflix|Prime Video|Disney+Hotstar|Youtube,Android,48 W,Ultra HD (4K) 3840 x 2160 Pixels,60 Hz Refresh Rate,Nokia 164 cm (65 inch) Ultra HD (4K) LED Smart Android TV with Sound by Onkyo
SAMSUNG,50.0,72999.0,112900.0,35.0,4.6,Netflix|Prime Video|Apple TV|Disney+Hotstar|Youtube,Tizen,20 W,Ultra HD (4K) 3840 x 2160 Pixels,60 Hz Refresh Rate,SAMSUNG The Frame 2020 Series 125 cm (50 inch) QLED Ultra HD (4K) Smart TV
MOTOROLA,50.0,37999.0,54050.0,30.0,4.3,Netflix|Prime Video|Disney+Hotstar|Youtube,Android,30 W,Ultra HD (4K) 3840 x 2160 Pixels,60 Hz Refresh Rate,MOTOROLA ZX 127 cm (50 inch) Ultra HD (4K) LED Smart Android TV with Wireless Gamepad
MI,43.0,29999.0,34999.0,14.0,4.4,Netflix|Prime Video|Disney+Hotstar|Youtube,Android,20 W,Ultra HD (4K) 3840 x 2160 Pixels,60 Hz Refresh Rate,Mi 4X 108 cm (43 inch) Ultra HD (4K) LED Smart Android TV
MI,55.0,44999.0,49999.0,10.0,4.4,Netflix|Prime Video|Disney+Hotstar|Youtube,Android Based,20 W,Ultra HD (4K) 3840 x 2160 Pixels,60 Hz Refresh Rate,Mi 4X 138.8 cm (55 inch) Ultra HD (4K) LED Smart TV
VU,43.0,30999.0,50000.0,38.0,4.4,Netflix|Prime Video|Disney+Hotstar|Youtube,Android,24W,Ultra HD (4K) 3840 x 2160 Pixels,60 Hz Refresh Rate,Vu Premium 108 cm (43 inch) Ultra HD (4K) LED Smart Android TV
MOTOROLA,50.0,38999.0,54999.0,29.0,4.4,Netflix|Prime Video|Disney+Hotstar|Youtube,Android,50 W,Ultra HD (4K) 3840 x 2160 Pixels,60 Hz Refresh Rate,MOTOROLA ZX Pro 127 cm (50 inch) Ultra HD (4K) LED Smart Android TV with Wireless Gamepad
NOKIA,43.0,31999.0,45999.0,30.0,4.3,Netflix|Prime Video|Disney+Hotstar|Youtube,Android,39 W,Ultra HD (4K) 3840 x 2160 Pixels,60 Hz Refresh Rate,Nokia 108 cm (43 inch) Ultra HD (4K) LED Smart Android TV with Sound by Onkyo
VU,85.0,279999.0,350000.0,20.0,4.6,Netflix|Prime Video|Disney+Hotstar|Youtube,Android,50 W,Ultra HD (4K) 3840 x 2160 Pixels,120 Hz Refresh Rate,Vu Masterpiece 215 cm (85 inch) QLED Ultra HD (4K) Smart Android TV
PHILIPS,65.0,79999.0,199990.0,60.0,5.0,Netflix|Youtube,Linux based,20 W,Ultra HD (4K) 3840 x 2160 Pixels,64 Hz Refresh Rate,PHILIPS 164 cm (65 inch) Ultra HD (4K) LED Smart TV
MOTOROLA,43.0,30999.0,46050.0,33.0,4.3,Netflix|Prime Video|Disney+Hotstar|Youtube,Android,20 W,Ultra HD (4K) 3840 x 2160 Pixels,60 Hz Refresh Rate,MOTOROLA ZX 109 cm (43 inch) Ultra HD (4K) LED Smart Android TV with Wireless Gamepad
THOMSON,55.0,29999.0,49999.0,40.0,4.1,Netflix|Disney+Hotstar|Youtube,Android Based,24 W,Ultra HD (4K) 3840 x 2160 Pixels,60 Hz Refresh Rate,Thomson 140 cm (55 inch) Ultra HD (4K) LED Smart TV
SAMSUNG,65.0,129999.0,222900.0,42.0,4.6,Netflix|Prime Video|Apple TV|Disney+Hotstar|Youtube,Tizen,40 W,Ultra HD (4K) 3840 x 2160 Pixels,120 Hz Refresh Rate,SAMSUNG The Frame 2020 Series 163 cm (65 inch) QLED Ultra HD (4K) Smart TV
IFFALCON,65.0,59999.0,99999.0,40.0,4.4,Netflix|Disney+Hotstar|Youtube,Android,16 W,Ultra HD (4K) 3840 x 2160 Pixels,60 Hz Refresh Rate,iFFALCON by TCL 163.82 cm (65 inch) Ultra HD (4K) LED Smart Android TV with Micro Dimming and Google A...
IFFALCON,75.0,149999.0,239999.0,38.0,4.2,Netflix|Disney+Hotstar|Youtube,Android,30 W,Ultra HD (4K) 3840 x 2160 Pixels,120 Hz Refresh Rate,iFFALCON by TCL 189.3 cm (75 inch) Ultra HD (4K) LED Smart Android TV with Harman Kardon Speakers and ...
ONIDA,58.0,49999.0,79990.0,37.0,4.2,Disney+Hotstar|Youtube,Android,20 W,Ultra HD (4K) 3840 x 2160 Pixels,60 Hz Refresh Rate,ONIDA Google Certified 147.32 cm (58 inch) Ultra HD (4K) LED Smart Android TV
MOTOROLA,55.0,43999.0,61999.0,29.0,4.4,Netflix|Prime Video|Disney+Hotstar|Youtube,Android,50 W,Ultra HD (4K) 3840 x 2160 Pixels,60 Hz Refresh Rate,MOTOROLA ZX Pro 139 cm (55 inch) Ultra HD (4K) LED Smart Android TV with Wireless Gamepad
IFFALCON,55.0,43699.0,70990.0,38.0,4.2,Netflix|Disney+Hotstar|Youtube,Android,24 W,Ultra HD (4K) 3840 x 2160 Pixels,60 Hz Refresh Rate,iFFALCON by TCL 138.6 cm (55 inch) Ultra HD (4K) LED Smart Android TV
IFFALCON,50.0,37699.0,58990.0,36.0,4.2,Netflix|Disney+Hotstar|Youtube,Android,24 W,Ultra HD (4K) 3840 x 2160 Pixels,60 Hz Refresh Rate,iFFALCON by TCL 126 cm (50 inch) Ultra HD (4K) LED Smart Android TV
NOKIA,55.0,41999.0,59999.0,30.0,4.3,Netflix|Prime Video|Disney+Hotstar|Youtube,Android,48 W,Ultra HD (4K) 3840 x 2160 Pixels,60 Hz Refresh Rate,Nokia 139 cm (55 inch) Ultra HD (4K) LED Smart Android TV with Sound by Onkyo
ONEPLUS,55.0,52999.0,59999.0,12.0,4.3,Netflix|Prime Video|Disney+Hotstar|Youtube,Android,30 W,Ultra HD (4K) 3840 x 2160 Pixels,60 Hz Refresh Rate,OnePlus U1S 139 cm (55 inch) Ultra HD (4K) LED Smart Android TV
MOTOROLA,50.0,37999.0,54050.0,30.0,4.3,Netflix|Prime Video|Disney+Hotstar|Youtube,Android,30 W,Ultra HD (4K) 3840 x 2160 Pixels,60 Hz Refresh Rate,MOTOROLA ZX 127 cm (50 inch) Ultra HD (4K) LED Smart Android TV with Wireless Gamepad
IFFALCON,55.0,43699.0,70990.0,38.0,4.2,Netflix|Disney+Hotstar|Youtube,Android,24 W,Ultra HD (4K) 3840 x 2160 Pixels,60 Hz Refresh Rate,iFFALCON by TCL 138.6 cm (55 inch) Ultra HD (4K) LED Smart Android TV
VU,85.0,279999.0,350000.0,20.0,4.6,Netflix|Prime Video|Disney+Hotstar|Youtube,Android,50 W,Ultra HD (4K) 3840 x 2160 Pixels,120 Hz Refresh Rate,Vu Masterpiece 215 cm (85 inch) QLED Ultra HD (4K) Smart Android TV
PHILIPS,65.0,79999.0,199990.0,60.0,5.0,Netflix|Youtube,Linux based,20 W,Ultra HD (4K) 3840 x 2160 Pixels,64 Hz Refresh Rate,PHILIPS 164 cm (65 inch) Ultra HD (4K) LED Smart TV
MOTOROLA,43.0,30999.0,46050.0,33.0,4.3,Netflix|Prime Video|Disney+Hotstar|Youtube,Android,20 W,Ultra HD (4K) 3840 x 2160 Pixels,60 Hz Refresh Rate,MOTOROLA ZX 109 cm (43 inch) Ultra HD (4K) LED Smart Android TV with Wireless Gamepad
IFFALCON,55.0,36999.0,106990.0,65.0,4.3,Netflix|Disney+Hotstar|Youtube,Android,30 W,Ultra HD (4K) 3840 x 2160 Pixels,60 Hz Refresh Rate,iFFALCON by TCL 138.6 cm (55 inch) Ultra HD (4K) LED Smart Android TV with HandsFree Voice Search
IFFALCON,43.0,29990.0,76990.0,61.0,4.3,Netflix|Disney+Hotstar|Youtube,Android,30 W,Ultra HD (4K) 3840 x 2160 Pixels,60 Hz Refresh Rate,iFFALCON by TCL 107.9 cm (43 inch) Ultra HD (4K) LED Smart Android TV with HandsFree Voice Search
THOMSON,55.0,29999.0,49999.0,40.0,4.1,Netflix|Disney+Hotstar|Youtube,Android Based,24 W,Ultra HD (4K) 3840 x 2160 Pixels,60 Hz Refresh Rate,Thomson 140 cm (55 inch) Ultra HD (4K) LED Smart TV
SAMSUNG,65.0,129999.0,222900.0,42.0,4.6,Netflix|Prime Video|Apple TV|Disney+Hotstar|Youtube,Tizen,40 W,Ultra HD (4K) 3840 x 2160 Pixels,120 Hz Refresh Rate,SAMSUNG The Frame 2020 Series 163 cm (65 inch) QLED Ultra HD (4K) Smart TV
IFFALCON,65.0,59999.0,99999.0,40.0,4.4,Netflix|Disney+Hotstar|Youtube,Android,16 W,Ultra HD (4K) 3840 x 2160 Pixels,60 Hz Refresh Rate,iFFALCON by TCL 163.82 cm (65 inch) Ultra HD (4K) LED Smart Android TV with Micro Dimming and Google A...
SAMSUNG,43.0,38999.0,52900.0,26.0,4.2,Netflix|Disney+Hotstar|Youtube,Tizen,20 W,Ultra HD (4K) 3840 x 2160 Pixels,60 Hz Refresh Rate,SAMSUNG Crystal 4K 108 cm (43 inch) Ultra HD (4K) LED Smart TV
THOMSON,55.0,37999.0,46999.0,19.0,4.4,Prime Video|Disney+Hotstar|Youtube,Android,24 W,Ultra HD (4K) 3840 x 2160 Pixels,60 Hz Refresh Rate,Thomson 9R Series 139 cm (55 inch) Ultra HD (4K) LED Smart Android TV
IFFALCON,55.0,63499.0,126990.0,50.0,4.3,Netflix|Disney+Hotstar|Youtube,Android,30 W,Ultra HD (4K) 3840 x 2160 Pixels,60 Hz Refresh Rate,iFFALCON 138.6 cm (55 inch) QLED Ultra HD (4K) Smart Android TV HandsFree Voice Search
VU,50.0,36999.0,60000.0,38.0,4.4,Netflix|Prime Video|Disney+Hotstar|Youtube,Android,30 W,Ultra HD (4K) 3840 x 2160 Pixels,60 Hz Refresh Rate,Vu Premium 126 cm (50 inch) Ultra HD (4K) LED Smart Android TV
MOTOROLA,55.0,44999.0,49999.0,10.0,4.4,Netflix|Prime Video|Disney+Hotstar|Youtube,Android,50 W,Ultra HD (4K) 3840 Ã— 2160 Pixels,60 Hz Refresh Rate,MOTOROLA Revou 139 cm (55 inch) Ultra HD (4K) LED Smart Android TV with Dolby Atmos and Dolby Vision
IFFALCON,75.0,149999.0,239999.0,38.0,4.2,Netflix|Disney+Hotstar|Youtube,Android,30 W,Ultra HD (4K) 3840 x 2160 Pixels,120 Hz Refresh Rate,iFFALCON by TCL 189.3 cm (75 inch) Ultra HD (4K) LED Smart Android TV with Harman Kardon Speakers and ...
ONIDA,58.0,49999.0,79990.0,37.0,4.2,Disney+Hotstar|Youtube,Android,20 W,Ultra HD (4K) 3840 x 2160 Pixels,60 Hz Refresh Rate,ONIDA Google Certified 147.32 cm (58 inch) Ultra HD (4K) LED Smart Android TV
MICROMAX,43.0,26499.0,43990.0,40.0,4.3,Netflix|Disney+Hotstar|Youtube,Android,20 W,Ultra HD (4K) 3840 x 2160 Pixels,60 Hz Refresh Rate,Micromax 109 cm (43 inch) Ultra HD (4K) LED Smart Android TV
IFFALCON,43.0,29999.0,47990.0,37.0,4.4,Netflix|Prime Video|Disney+Hotstar|Youtube,Android,20 W,Ultra HD (4K) 3840 x 2160 Pixels,60 Hz Refresh Rate,iFFALCON by TCL AI Powered K31 108 cm (43 inch) Ultra HD (4K) LED Smart Android TV with HDR 10
MICROMAX,49.0,42490.0,59990.0,29.0,4.1,Netflix|Disney+Hotstar|Youtube,Android,30 W,Ultra HD (4K) 3840 x 2160 Pixels,60 Hz Refresh Rate,Micromax 124 cm (49 inch) Ultra HD (4K) LED Smart Android TV
MI,55.0,39999.0,49999.0,20.0,4.4,Disney+Hotstar|Youtube,Android,20 W,Ultra HD (4K) 3840 x 2160 Pixels,60 Hz Refresh Rate,Mi 4X Pro 138.8 cm (55 inch) Ultra HD (4K) LED Smart Android TV with Android
VU,55.0,36999.0,58000.0,36.0,4.4,Disney+Hotstar|Youtube,Android,24 W,Ultra HD (4K) 3840 x 2160 Pixels,60 Hz Refresh Rate,Vu Premium Android 138 cm (55 inch) Ultra HD (4K) LED Smart Android TV with Cricket Mode
NOKIA,50.0,38999.0,54999.0,29.0,4.3,Netflix|Prime Video|Disney+Hotstar|Youtube,Android,48 W,Ultra HD (4K) 3840 x 2160 Pixels,60 Hz Refresh Rate,Nokia 126 cm (50 inch) Ultra HD (4K) LED Smart Android TV with Sound by Onkyo
SAMSUNG,43.0,40999.0,54900.0,25.0,4.4,Netflix|Disney+Hotstar|Youtube,Tizen,20 W,Ultra HD (4K) 3840 x 2160 Pixels,60 Hz Refresh Rate,SAMSUNG Crystal 4K Pro 108 cm (43 inch) Ultra HD (4K) LED Smart TV with Voice Search
SAMSUNG,55.0,58999.0,76900.0,23.0,4.4,Netflix|Disney+Hotstar|Youtube,Tizen,20 W,Ultra HD (4K) 3840 x 2160 Pixels,60 Hz Refresh Rate,SAMSUNG Crystal 4K Pro 138 cm (55 inch) Ultra HD (4K) LED Smart TV with Voice Search
IFFALCON,55.0,43699.0,70990.0,38.0,4.2,Netflix|Disney+Hotstar|Youtube,Android,24 W,Ultra HD (4K) 3840 x 2160 Pixels,60 Hz Refresh Rate,iFFALCON by TCL 138.6 cm (55 inch) Ultra HD (4K) LED Smart Android TV
SAMSUNG,43.0,38999.0,48900.0,20.0,4.3,Netflix|Disney+Hotstar|Youtube,Tizen,20 W,Ultra HD (4K) 3840 x 2160 Pixels,60 Hz Refresh Rate,SAMSUNG 108 cm (43 inch) Ultra HD (4K) LED Smart TV
VU,65.0,58704.0,83000.0,29.0,4.4,Disney+Hotstar|Youtube,Android,30 W,Ultra HD (4K) 3840 x 2160 Pixels,60 Hz Refresh Rate,Vu Premium Android 163cm (65 inch) Ultra HD (4K) LED Smart TV
MOTOROLA,75.0,119999.0,261900.0,54.0,4.2,Netflix|Prime Video|Disney+Hotstar|Youtube,Android,30 W,Ultra HD (4K) 3840 x 2160 Pixels,60 Hz Refresh Rate,MOTOROLA 189 cm (75 inch) Ultra HD (4K) LED Smart Android TV with Wireless Gamepad
IFFALCON,55.0,36999.0,106990.0,65.0,4.3,Netflix|Disney+Hotstar|Youtube,Android,30 W,Ultra HD (4K) 3840 x 2160 Pixels,60 Hz Refresh Rate,iFFALCON by TCL 138.6 cm (55 inch) Ultra HD (4K) LED Smart Android TV with HandsFree Voice Search
IFFALCON,55.0,38999.0,89990.0,57.0,4.5,Netflix|Prime Video|Disney+Hotstar|Youtube,Android,20 W,Ultra HD (4K) 3840 x 2160 Pixels,60 Hz Refresh Rate,iFFALCON by TCL AI Powered K3A 138.78 cm (55 inch) Ultra HD (4K) LED Smart Android TV with Super Narro...
TOSHIBA,65.0,68999.0,84990.0,19.0,4.5,Netflix|Prime Video|Youtube,VIDAA,24 W,Ultra HD (4K) 3840 x 2160 Pixels,60 Hz Refresh Rate,TOSHIBA U79 Series 164 cm (65 inch) Ultra HD (4K) LED Smart TV with Dolby Vision & ATMOS
VU,55.0,32200.0,50990.0,37.0,4.3,Netflix|Youtube,Linux,24 W,Ultra HD (4K) 3840 x 2160 Pixels,60 Hz Refresh Rate,Vu Pixelight 138 cm (55 inch) Ultra HD (4K) LED Smart TV
VU,50.0,27999.0,41990.0,33.0,4.4,Netflix|Youtube,Linux,24 W,Ultra HD (4K) 3840 x 2160 Pixels,60 Hz Refresh Rate,Vu Pixelight 126 cm (50 inch) Ultra HD (4K) LED Smart TV
VU,75.0,108000.0,250000.0,57.0,4.4,Disney+Hotstar|Youtube,Android,30 W,Ultra HD (4K) 3840 x 2160 Pixels,60 Hz Refresh Rate,Vu 190 cm (75 inch) Ultra HD (4K) LED Smart Android TV
VU,43.0,26990.0,43000.0,37.0,4.4,Disney+Hotstar|Youtube,Android,20 W,Ultra HD (4K) 3840 x 2160 Pixels,60 Hz Refresh Rate,Vu Premium Android 108cm (43 inch) Ultra HD (4K) LED Smart TV
SAMSUNG,50.0,53999.0,71400.0,24.0,4.4,Netflix|Disney+Hotstar|Youtube,Tizen,20 W,Ultra HD (4K) 3840 x 2160 Pixels,60 Hz Refresh Rate,SAMSUNG Crystal 4K Pro 125 cm (50 inch) Ultra HD (4K) LED Smart TV with Voice Search
SAMSUNG,55.0,54999.0,69900.0,21.0,4.2,Netflix|Disney+Hotstar|Youtube,Tizen,20 W,Ultra HD (4K) 3840 x 2160 Pixels,60 Hz Refresh Rate,SAMSUNG Crystal 4K 138 cm (55 inch) Ultra HD (4K) LED Smart TV
SAMSUNG,55.0,81999.0,129900.0,37.0,4.6,Netflix|Prime Video|Apple TV|Disney+Hotstar|Youtube,Tizen,40 W,Ultra HD (4K) 3840 x 2160 Pixels,120 Hz Refresh Rate,SAMSUNG The Frame 2020 Series 138 cm (55 inch) QLED Ultra HD (4K) Smart TV
PHILIPS,50.0,39999.0,105990.0,62.0,4.2,Netflix|Youtube,Linux based,20 W,Ultra HD (4K) 3840 x 2160 Pixels,60 Hz Refresh Rate,PHILIPS 6600 Series 126 cm (50 inch) Ultra HD (4K) LED Smart TV
VU,50.0,40999.0,60000.0,32.0,4.1,Netflix|Disney+Hotstar|Youtube,Android,40 W,Ultra HD (4K) 3840 x 2160 Pixels,60 Hz Refresh Rate,Vu 126 cm (50 inch) Ultra HD (4K) LED Smart Android TV
SAMSUNG,55.0,93999.0,144900.0,35.0,4.3,Netflix|Prime Video|Disney+Hotstar|Youtube,Tizen,40 W,Ultra HD (4K) 3840 x 2160 Pixels,120 Hz Refresh Rate,SAMSUNG The Frame 2021 Series 138 cm (55 inch) QLED Ultra HD (4K) Smart TV
ONEPLUS,55.0,52999.0,59999.0,12.0,4.3,Netflix|Prime Video|Disney+Hotstar|Youtube,Android,30 W,Ultra HD (4K) 3840 x 2160 Pixels,60 Hz Refresh Rate,OnePlus U Series 138.8 cm (55 inch) Ultra HD (4K) LED Smart Android TV
SAMSUNG,50.0,50999.0,68400.0,25.0,4.2,Netflix|Disney+Hotstar|Youtube,Tizen,20 W,Ultra HD (4K) 3840 x 2160 Pixels,60 Hz Refresh Rate,SAMSUNG Crystal 4K 125 cm (50 inch) Ultra HD (4K) LED Smart TV
MOTOROLA,65.0,62999.0,115399.0,45.0,4.3,Netflix|Prime Video|Disney+Hotstar|Youtube,Android,30 W,Ultra HD (4K) 3840 x 2160 Pixels,60 Hz Refresh Rate,MOTOROLA ZX 164 cm (65 inch) Ultra HD (4K) LED Smart Android TV with Wireless Gamepad
TOSHIBA,50.0,37999.0,46990.0,19.0,4.3,Netflix|Prime Video|Youtube,VIDAA,30 W,Ultra HD (4K) 3840 x 2160 Pixels,60 Hz Refresh Rate,TOSHIBA U50 Series 126 cm (50 inch) Ultra HD (4K) LED Smart TV with Dolby Vision & ATMOS
SAMSUNG,50.0,54500.0,70900.0,23.0,4.1,Netflix|Disney+Hotstar|Youtube,Tizen,20 W,Ultra HD (4K) 3840 x 2160 Pixels,60 Hz Refresh Rate,SAMSUNG 125 cm (50 inch) Ultra HD (4K) LED Smart TV
VU,65.0,62999.0,75000.0,16.0,4.4,Netflix|Disney+Hotstar|Youtube,Android,30 W,Ultra HD (4K) 3840 x 2160 Pixels,60 Hz Refresh Rate,Vu Premium 164 cm (65 inch) Ultra HD (4K) LED Smart Android TV
VU,55.0,47290.0,75000.0,37.0,4.4,Netflix|Disney+Hotstar|Youtube,Android,30 W,Ultra HD (4K) 3840 x 2160 Pixels,60 Hz Refresh Rate,Vu 139 cm (55 inch) Ultra HD (4K) LED Smart Android TV
IFFALCON,55.0,43699.0,70990.0,38.0,4.2,Netflix|Disney+Hotstar|Youtube,Android,24 W,Ultra HD (4K) 3840 x 2160 Pixels,60 Hz Refresh Rate,iFFALCON by TCL 138.6 cm (55 inch) Ultra HD (4K) LED Smart Android TV
SAMSUNG,65.0,87999.0,116900.0,25.0,4.2,Netflix|Disney+Hotstar|Youtube,Tizen,20 W,Ultra HD (4K) 3840 x 2160 Pixels,60 Hz Refresh Rate,SAMSUNG Crystal 4K 163 cm (65 inch) Ultra HD (4K) LED Smart TV
COOCAA,55.0,40499.0,73990.0,45.0,4.3,Netflix|Prime Video|Disney+Hotstar|Youtube,Android,20 W,Ultra HD (4K) 3840 x 2160 Pixels,60 Hz Refresh Rate,Coocaa 138 cm (55 inch) Ultra HD (4K) LED Smart Android TV with 10.0 Q
MOTOROLA,55.0,40999.0,61600.0,33.0,4.3,Netflix|Prime Video|Disney+Hotstar|Youtube,Android,30 W,Ultra HD (4K) 3840 x 2160 Pixels,60 Hz Refresh Rate,MOTOROLA ZX 139 cm (55 inch) Ultra HD (4K) LED Smart Android TV with Wireless Gamepad
IFFALCON,55.0,36999.0,106990.0,65.0,4.3,Netflix|Disney+Hotstar|Youtube,Android,30 W,Ultra HD (4K) 3840 x 2160 Pixels,60 Hz Refresh Rate,iFFALCON by TCL 138.6 cm (55 inch) Ultra HD (4K) LED Smart Android TV with HandsFree Voice Search
COOCAA,50.0,29999.0,53990.0,44.0,4.2,Netflix|Prime Video|Youtube,Linux,20 W,Ultra HD (4K) 3840 x 2160 Pixels,60 Hz Refresh Rate,Coocaa 127 cm (50 inch) Ultra HD (4K) LED Smart TV
SAMSUNG,55.0,59890.0,86900.0,31.0,4.2,Netflix|Disney+Hotstar|Youtube,Tizen,20 W,Ultra HD (4K) 3840 x 2160 Pixels,60 Hz Refresh Rate,SAMSUNG 139 cm (55 inch) Ultra HD (4K) LED Smart TV
SAMSUNG,65.0,129999.0,222900.0,42.0,4.3,Netflix|Prime Video|Disney+Hotstar|Youtube,Tizen,40 W,Ultra HD (4K) 3840 x 2160 Pixels,120 Hz Refresh Rate,SAMSUNG The Frame 2021 Series 163 cm (65 inch) QLED Ultra HD (4K) Smart TV
SAMSUNG,55.0,159500.0,244900.0,35.0,4.3,Netflix|Disney+Hotstar|Youtube,Tizen,40 W,Ultra HD (4K) 3840 x 2160 Pixels,60 Hz Refresh Rate,SAMSUNG Q Series 138 cm (55 inch) QLED Ultra HD (4K) Smart TV
SAMSUNG,43.0,48990.0,60900.0,20.0,4.1,Netflix|Disney+Hotstar|Youtube,Tizen,20 W,Ultra HD (4K) 3840 x 2160 Pixels,60 Hz Refresh Rate,SAMSUNG 108 cm (43 inch) Ultra HD (4K) LED Smart TV
SAMSUNG,65.0,122299.0,209900.0,42.0,4.9,Netflix|Disney+Hotstar|Youtube,Tizen,20 W,Ultra HD (4K) 3840 x 2160 Pixels,100 Hz Refresh Rate,SAMSUNG Series 7 163 cm (65 inch) Ultra HD (4K) LED Smart TV
SAMSUNG,43.0,45990.0,56900.0,19.0,4.2,Netflix|Disney+Hotstar|Youtube,Tizen,20 W,Ultra HD (4K) 1920 x 1080 Pixels,60 Hz Refresh Rate,SAMSUNG 108 cm (43 inch) Ultra HD (4K) LED Smart TV
SAMSUNG,55.0,128999.0,169900.0,24.0,4.6,Netflix|Disney+Hotstar|Youtube,Tizen,40 W,Ultra HD (4K) 3840 x 2160 Pixels,60 Hz Refresh Rate,SAMSUNG Q70RAK 138 cm (55 inch) QLED Ultra HD (4K) Smart TV
IFFALCON,65.0,59999.0,109990.0,45.0,4.1,Netflix|Disney+Hotstar|Youtube,Android,16 W,Ultra HD (4K) 3840 x 2160 Pixels,60 Hz Refresh Rate,iFFALCON by TCL 163.8 cm (65 inch) Ultra HD (4K) LED Smart Android TV
SAMSUNG,43.0,64999.0,94900.0,32.0,4.9,Netflix|Prime Video|Disney+Hotstar|Youtube,Tizen,40 W,Ultra HD (4K) 3840 x 2160 Pixels,60 Hz Refresh Rate,SAMSUNG The Serif Series 108 cm (43 inch) QLED Ultra HD (4K) Smart TV
SAMSUNG,49.0,64499.0,99900.0,35.0,4.6,Netflix|Disney+Hotstar|Youtube,Tizen,20 W,Ultra HD (4K) 3840 x 2160 Pixels,60 Hz Refresh Rate,SAMSUNG Series 7 123 cm (49 inch) Ultra HD (4K) LED Smart TV
MICROMAX,55.0,49999.0,69990.0,29.0,4.1,Netflix|Disney+Hotstar|Youtube,Android,30 W,Ultra HD (4K) 3840 x 2160 Pixels,60 Hz Refresh Rate,Micromax 139 cm (55 inch) Ultra HD (4K) LED Smart Android TV
SAMSUNG,50.0,79999.0,119900.0,33.0,4.3,Netflix|Prime Video|Disney+Hotstar|Youtube,Tizen,20 W,Ultra HD (4K) 3840 x 2160 Pixels,60 Hz Refresh Rate,SAMSUNG The Frame 2021 Series 125 cm (50 inch) QLED Ultra HD (4K) Smart TV
SAMSUNG,65.0,224999.0,279900.0,20.0,5.0,Netflix|Disney+Hotstar|Youtube,Tizen,40 W,Ultra HD (4K) 3840 x 2160 Pixels,60 Hz Refresh Rate,SAMSUNG Q70RAK 163 cm (65 inch) QLED Ultra HD (4K) Smart TV
HAIER,50.0,43999.0,54990.0,20.0,4.3,Netflix|Prime Video|Disney+Hotstar|Youtube,Android,20 W,Ultra HD (4K) 3840 x 2160 Pixels,60 Hz Refresh Rate,Haier 127 cm (50 inch) Ultra HD (4K) LED Smart Android TV
SAMSUNG,43.0,57590.0,78900.0,27.0,4.1,Netflix|Disney+Hotstar|Youtube,Tizen,20 W,Ultra HD (4K) 3840 x 2160 Pixels,60 Hz Refresh Rate,SAMSUNG 108 cm (43 inch) QLED Ultra HD (4K) Smart TV
HAIER,43.0,34999.0,43990.0,20.0,4.1,Netflix|Prime Video|Disney+Hotstar|Youtube,Android,20 W,Ultra HD (4K) 3840 x 2160 Pixels,60 Hz Refresh Rate,Haier 108 cm (43 inch) Ultra HD (4K) LED Smart Android TV
SAMSUNG,65.0,91999.0,125900.0,27.0,4.4,Netflix|Disney+Hotstar|Youtube,Tizen,20 W,Ultra HD (4K) 3840 x 2160 Pixels,60 Hz Refresh Rate,SAMSUNG Crystal 4K Pro 163 cm (65 inch) Ultra HD (4K) LED Smart TV with Voice Search
SAMSUNG,55.0,79990.0,92900.0,14.0,5.0,Netflix|Disney+Hotstar|Youtube,Tizen,20 W,Ultra HD (4K) 3840 x 2160 Pixels,60 Hz Refresh Rate,SAMSUNG 139 cm (55 inch) Ultra HD (4K) LED Smart TV
IFFALCON,55.0,43699.0,70990.0,38.0,4.2,Netflix|Disney+Hotstar|Youtube,Android,24 W,Ultra HD (4K) 3840 x 2160 Pixels,60 Hz Refresh Rate,iFFALCON by TCL 138.6 cm (55 inch) Ultra HD (4K) LED Smart Android TV
SAMSUNG,65.0,179999.0,374900.0,52.0,5.0,Netflix|Disney+Hotstar|Youtube,Tizen,40 W,Ultra HD (4K) 3840 x 2160 Pixels,60 Hz Refresh Rate,SAMSUNG Q Series 163 cm (65 inch) QLED Ultra HD (4K) Smart TV
LLOYD,65.0,74999.0,153990.0,51.0,4.8,Netflix|Youtube,Linux based,30 W,Ultra HD (4K) 3840 x 2160 Pixels,50 Hz Refresh Rate,Lloyd Clara 163 cm (65 inch) Ultra HD (4K) LED Smart TV
SAMSUNG,49.0,89999.0,129900.0,31.0,4.9,Netflix|Prime Video|Disney+Hotstar|Youtube,Tizen,40 W,Ultra HD (4K) 3840 x 2160 Pixels,60 Hz Refresh Rate,SAMSUNG The Serif Series 123 cm (49 inch) QLED Ultra HD (4K) Smart TV
IFFALCON,55.0,36999.0,106990.0,65.0,4.3,Netflix|Disney+Hotstar|Youtube,Android,30 W,Ultra HD (4K) 3840 x 2160 Pixels,60 Hz Refresh Rate,iFFALCON by TCL 138.6 cm (55 inch) Ultra HD (4K) LED Smart Android TV with HandsFree Voice Search
SAMSUNG,55.0,89990.0,134900.0,33.0,4.7,Netflix|Disney+Hotstar|Youtube,Tizen,20 W,Ultra HD (4K) 3840 x 2160 Pixels,60 Hz Refresh Rate,SAMSUNG 139 cm (55 inch) QLED Ultra HD (4K) Smart TV
IFFALCON,65.0,89999.0,186990.0,52.0,4.5,Netflix|Disney+Hotstar|Youtube,Android,30 W,Ultra HD (4K) 3840 x 2160 Pixels,60 Hz Refresh Rate,iFFALCON 163.8 cm (65 inch) QLED Ultra HD (4K) Smart Android TV HandsFree Voice Search
PHILIPS,58.0,45999.0,119990.0,62.0,4.2,Netflix|Youtube,Linux based,20 W,Ultra HD (4K) 3840 x 2160 Pixels,60 Hz Refresh Rate,PHILIPS 6600 146 cm (58 inch) Ultra HD (4K) LED Smart TV
SAMSUNG,58.0,69990.0,94900.0,26.0,4.8,Netflix|Disney+Hotstar|Youtube,Tizen,20 W,Ultra HD (4K) 3840 x 2160 Pixels,60 Hz Refresh Rate,SAMSUNG 147 cm (58 inch) Ultra HD (4K) LED Smart TV
SAMSUNG,65.0,94990.0,169900.0,44.0,4.5,Netflix|Disney+Hotstar|Youtube,Tizen,20 W,Ultra HD (4K) 3840 x 2160 Pixels,100 Hz Refresh Rate,SAMSUNG 165.1 cm (65 inch) Ultra HD (4K) LED Smart TV
SAMSUNG,55.0,60990.0,74900.0,19.0,4.5,Netflix|Disney+Hotstar|Youtube,Tizen,20 W,Ultra HD (4K) 3840 x 2160 Pixels,60 Hz Refresh Rate,SAMSUNG 138 cm (55 inch) Ultra HD (4K) LED Smart TV
SAMSUNG,55.0,121999.0,143900.0,15.0,4.3,Netflix|Disney+Hotstar|Youtube,Tizen,20 W,Ultra HD (4K) 3840 x 2160 Pixels,100 Hz Refresh Rate,SAMSUNG Q60RAK 138 cm (55 inch) QLED Ultra HD (4K) Smart TV
SAMSUNG,55.0,84999.0,133900.0,37.0,4.6,Netflix|Prime Video|Apple TV|Disney+Hotstar|Youtube,Tizen,40 W,Ultra HD (4K) 3840 x 2160 Pixels,120 Hz Refresh Rate,SAMSUNG The Frame 138 cm (55 inch) QLED Ultra HD (4K) Smart TV
SAMSUNG,50.0,79990.0,99900.0,20.0,4.0,Netflix|Disney+Hotstar|Youtube,Tizen,20 W,Ultra HD (4K) 3840 x 2160 Pixels,60 Hz Refresh Rate,SAMSUNG 125 cm (50 inch) QLED Ultra HD (4K) Smart TV
SAMSUNG,65.0,89999.0,149900.0,40.0,4.5,Netflix|Prime Video|Apple TV|Disney+Hotstar|Youtube,Tizen,20 W,Ultra HD (4K) 3840 x 2160 Pixels,60 Hz Refresh Rate,SAMSUNG 163 cm (65 inch) Ultra HD (4K) LED Smart TV
LLOYD,43.0,33999.0,69990.0,51.0,4.3,Netflix|Youtube,Linux based,30 W,Ultra HD (4K) 3840 x 2160 Pixels,50 Hz Refresh Rate,Lloyd Clara 108 cm (43 inch) Ultra HD (4K) LED Smart TV
COOCAA,43.0,26499.0,54990.0,52.0,4.3,Netflix|Prime Video|Disney+Hotstar|Youtube,Android,16 W,Ultra HD (4K) 3840 x 2160 Pixels,60 Hz Refresh Rate,Coocaa 109 cm (43 inch) Ultra HD (4K) LED Smart Android TV with 10.0 Q
IFFALCON,65.0,54999.0,106990.0,49.0,4.2,Netflix|Disney+Hotstar|Youtube,Android,24 W,Ultra HD (4K) 3840 x 2160 Pixels,60 Hz Refresh Rate,iFFALCON by TCL 164 cm (65 inch) Ultra HD (4K) LED Smart Android TV
IFFALCON,65.0,89999.0,229990.0,61.0,4.3,Netflix|Disney+Hotstar|Youtube,Android,30 W,Ultra HD (4K) 3840 x 2160 Pixels,60 Hz Refresh Rate,iFFALCON V2A 163.83 cm (65 inch) QLED Ultra HD (4K) Smart Android TV
COOCAA,50.0,35999.0,64990.0,45.0,4.3,Netflix|Prime Video|Disney+Hotstar|Youtube,Android,20 W,Ultra HD (4K) 3840 x 2160 Pixels,60 Hz Refresh Rate,Coocaa 127 cm (50 inch) Ultra HD (4K) LED Smart Android TV with 10.0 Q
LLOYD,50.0,44999.0,84990.0,47.0,4.4,Netflix|Youtube,Linux based,30 W,Ultra HD (4K) 3840 x 2160 Pixels,50 Hz Refresh Rate,Lloyd Clara 126 cm (50 inch) Ultra HD (4K) LED Smart TV
SAMSUNG,49.0,69990.0,101900.0,31.0,4.8,Netflix|Prime Video|Disney+Hotstar|Youtube,Tizen,20 W,Ultra HD (4K) 3840 x 2160 Pixels,100 Hz Refresh Rate,SAMSUNG Q60RAK 123 cm (49 inch) QLED Ultra HD (4K) Smart TV
ONIDA,42.0,29799.0,49990.0,40.0,4.1,Youtube,Unknown,16 W,Ultra HD (4K) 3840 x 2160 Pixels,60 Hz Refresh Rate,ONIDA Live Genius 107.95 cm (42.5 inch) Ultra HD (4K) LED Smart TV
MI,50.0,39560.0,44699.0,11.0,4.4,Netflix|Disney+Hotstar|Youtube,Android,20 W,Ultra HD (4K) 3840 x 2160 Pixels,60 Hz Refresh Rate,Mi 4X 125.7 cm (50 inch) Ultra HD (4K) LED Smart Android TV
IFFALCON,55.0,43699.0,70990.0,38.0,4.2,Netflix|Disney+Hotstar|Youtube,Android,24 W,Ultra HD (4K) 3840 x 2160 Pixels,60 Hz Refresh Rate,iFFALCON by TCL 138.6 cm (55 inch) Ultra HD (4K) LED Smart Android TV
ONIDA,43.0,31999.0,52990.0,40.0,4.2,Disney+Hotstar|Youtube,Android,20 W,Ultra HD (4K) 3840 x 2160 Pixels,60 Hz Refresh Rate,ONIDA Google Certified 107.97 cm (43 inch) Ultra HD (4K) LED Smart Android TV
SAMSUNG,43.0,36999.0,66900.0,45.0,4.5,Netflix|Prime Video|Disney+Hotstar|Youtube,Tizen,20 W,Ultra HD (4K) 3840 x 2160 Pixels,60 Hz Refresh Rate,SAMSUNG Super 6 108 cm (43 inch) Ultra HD (4K) LED Smart TV
HAIER,50.0,38001.0,69990.0,46.0,4.0,Netflix|Youtube,Android,30 W,Ultra HD (4K) 3840 x 2160 Pixels,60 Hz Refresh Rate,Haier 127 cm (50 inch) Ultra HD (4K) LED Smart Android TV
IFFALCON,55.0,36999.0,106990.0,65.0,4.3,Netflix|Disney+Hotstar|Youtube,Android,30 W,Ultra HD (4K) 3840 x 2160 Pixels,60 Hz Refresh Rate,iFFALCON by TCL 138.6 cm (55 inch) Ultra HD (4K) LED Smart Android TV with HandsFree Voice Search
SAMSUNG,49.0,85000.0,179900.0,53.0,4.4,Unknown,Tizen,40 W,Ultra HD (4K) 3840x2160 Pixels,60 Hz Refresh Rate,SAMSUNG 123 cm (49 inch) Ultra HD (4K) LED Smart TV
SAMSUNG,43.0,43382.0,77900.0,44.0,4.4,Netflix|Disney+Hotstar|Youtube,Tizen,20 W,Ultra HD (4K) 3840 x 2160 Pixels,120 Hz Refresh Rate,SAMSUNG 108 cm (43 inch) Ultra HD (4K) LED Smart TV
SAMSUNG,43.0,37990.0,59900.0,37.0,4.4,Netflix|Disney+Hotstar|Youtube,Tizen,20 W,Ultra HD (4K) 3840 x 2160 Pixels,100 Hz Refresh Rate,SAMSUNG 108 cm (43 inch) Ultra HD (4K) LED Smart TV
SAMSUNG,43.0,41470.0,56900.0,27.0,4.4,Netflix|Disney+Hotstar|Youtube,Linux,20 W,Ultra HD (4K) 3840 x 2160 Pixels,60 Hz Refresh Rate,SAMSUNG UHD 8 Series 108 cm (43 inch) Ultra HD (4K) LED Smart TV
SAMSUNG,50.0,49500.0,88900.0,44.0,4.6,Netflix|Disney+Hotstar|Youtube,Tizen,20 W,Ultra HD (4K) 3840 x 2160 Pixels,100 Hz Refresh Rate,SAMSUNG 125 cm (50 inch) Ultra HD (4K) LED Smart TV
ONEPLUS,55.0,62899.0,69900.0,10.0,4.5,Netflix|Prime Video|Disney+Hotstar|Youtube,Android,50 W,Ultra HD (4K) 3840 x 2160 Pixels,60 Hz Refresh Rate,OnePlus Q1 Series 138.8 cm (55 inch) QLED Ultra HD (4K) Smart Android TV
SAMSUNG,50.0,50980.0,67069.0,24.0,4.1,Netflix|Disney+Hotstar|Youtube,Tizen,20 W,Ultra HD (4K) 3840 x 2160 Pixels,60 Hz Refresh Rate,SAMSUNG 125 cm (50 inch) Ultra HD (4K) LED Smart TV
SAMSUNG,50.0,46839.0,99900.0,53.0,4.4,Netflix|Disney+Hotstar|Youtube,Tizen,20 W,Ultra HD (4K) 3840 x 2160 Pixels,60 Hz Refresh Rate,SAMSUNG 125 cm (50 inch) Ultra HD (4K) LED Smart TV
SAMSUNG,55.0,61441.0,109900.0,44.0,4.5,Netflix|Disney+Hotstar|Youtube,Tizen,20 W,Ultra HD (4K) 3840 x 2160 Pixels,100 Hz Refresh Rate,SAMSUNG Series 7 138 cm (55 inch) Ultra HD (4K) LED Smart TV
SAMSUNG,43.0,37356.0,69900.0,47.0,4.2,Netflix|Disney+Hotstar|Youtube,Tizen,20 W,Ultra HD (4K) 3840 x 2160 Pixels,100 Hz Refresh Rate,SAMSUNG 109.2 cm (43 inch) Ultra HD (4K) LED Smart TV
VU,43.0,30999.0,45000.0,31.0,4.3,Netflix|Disney+Hotstar|Youtube,Android,24 W,Ultra HD (4K) 3840 x 2160 Pixels,60 Hz Refresh Rate,Vu 108 cm (43 inch) Ultra HD (4K) LED Smart Android TV
VU,50.0,37900.0,60000.0,37.0,4.3,Netflix|Disney+Hotstar|Youtube,Android,30 W,Ultra HD (4K) 3840 x 2160 Pixels,60 Hz Refresh Rate,Vu 126 cm (50 inch) Ultra HD (4K) LED Smart Android TV
IFFALCON,65.0,57999.0,129999.0,55.0,4.5,Netflix|Prime Video|Disney+Hotstar|Youtube,Android,20 W,Ultra HD (4K) 3840 x 2160 Pixels,60 Hz Refresh Rate,iFFALCON by TCL AI Powered K3A 163.9 cm (65 inch) Ultra HD (4K) LED Smart Android TV with Super Narrow...
ONEPLUS,55.0,84899.0,99900.0,15.0,5.0,Netflix|Prime Video|Disney+Hotstar|Youtube,Android,50 W,Ultra HD (4K) 3840 x 2160 Pixels,60 Hz Refresh Rate,OnePlus Q1 Series 138.8 cm (55 inch) QLED Ultra HD (4K) Smart Android TV Sliding Soundbar
VU,50.0,26360.0,41990.0,37.0,4.4,Netflix|Prime Video|Youtube,Linux,24 W,Ultra HD (4K) 3840 x 2160 Pixels,60 Hz Refresh Rate,Vu Pixelight 126 cm (50 inch) Ultra HD (4K) LED Smart TV with cricket mode
SAMSUNG,50.0,48999.0,68400.0,28.0,4.5,Netflix|Disney+Hotstar|Youtube,Tizen,20 W,Ultra HD (4K) 3840 x 2160 Pixels,60 Hz Refresh Rate,SAMSUNG 125 cm (50 inch) Ultra HD (4K) LED Smart TV
SAMSUNG,50.0,89990.0,125900.0,29.0,4.3,Unknown,Tizen,20 W,Ultra HD (4K) 3840x2160 Pixels,60 Hz Refresh Rate,SAMSUNG 125 cm (50 inch) Ultra HD (4K) LED Smart TV
SAMSUNG,55.0,119000.0,169900.0,30.0,5.0,Netflix|Disney+Hotstar|Youtube,Tizen,40 W,Ultra HD (4K) 3840 x 2160 Pixels,60 Hz Refresh Rate,SAMSUNG Series 8 138 cm (55 inch) Ultra HD (4K) LED Smart TV
SAMSUNG,43.0,47999.0,69900.0,31.0,4.3,Netflix|Disney+Hotstar|Youtube,Tizen,20 W,Ultra HD (4K) 3840 x 2160 Pixels,100 Hz Refresh Rate,SAMSUNG Series 7 108 cm (43 inch) Ultra HD (4K) LED Smart TV
IFFALCON,55.0,43699.0,70990.0,38.0,4.2,Netflix|Disney+Hotstar|Youtube,Android,24 W,Ultra HD (4K) 3840 x 2160 Pixels,60 Hz Refresh Rate,iFFALCON by TCL 138.6 cm (55 inch) Ultra HD (4K) LED Smart Android TV
SAMSUNG,43.0,50199.0,67900.0,26.0,4.6,Netflix|Disney+Hotstar|Youtube,Tizen,20 W,Ultra HD (4K) 3840 x 2160 Pixels,100 Hz Refresh Rate,SAMSUNG 108 cm (43 inch) Ultra HD (4K) LED Smart TV
HAIER,55.0,54499.0,89990.0,39.0,4.6,Netflix|Prime Video|Disney+Hotstar|Youtube,Android,20 W,Ultra HD (4K) 3840 x 2160 Pixels,60 Hz Refresh Rate,Haier 4k Smart 140 cm (55 inch) Ultra HD (4K) LED Smart Android TV
SAMSUNG,55.0,57500.0,104905.0,45.0,4.5,Netflix|Disney+Hotstar|Youtube,Tizen,20 W,Ultra HD (4K) 3840 x 2160 Pixels,100 Hz Refresh Rate,SAMSUNG 139.7 cm (55 inch) Ultra HD (4K) LED Smart TV
IFFALCON,55.0,36999.0,106990.0,65.0,4.3,Netflix|Disney+Hotstar|Youtube,Android,30 W,Ultra HD (4K) 3840 x 2160 Pixels,60 Hz Refresh Rate,iFFALCON by TCL 138.6 cm (55 inch) Ultra HD (4K) LED Smart Android TV with HandsFree Voice Search
IFFALCON,55.0,43699.0,70990.0,38.0,4.4,Netflix|Prime Video|Disney+Hotstar|Youtube,Android,20 W,Ultra HD (4K) 3840 x 2160 Pixels,60 Hz Refresh Rate,iFFALCON by TCL AI Powered K31 138.78 cm (55 inch) Ultra HD (4K) LED Smart Android TV with HDR 10
SAMSUNG,55.0,109999.0,257900.0,57.0,4.0,Netflix|Disney+Hotstar|Youtube,Tizen,40 W,Ultra HD (4K) 3840 x 2160 Pixels,60 Hz Refresh Rate,SAMSUNG Q Series 138 cm (55 inch) QLED Ultra HD (4K) Smart TV
COOCAA,55.0,31999.0,69999.0,54.0,4.3,Netflix|Prime Video|Disney+Hotstar|Youtube,Android,20 W,Ultra HD (4K) 3840 x 2160 Pixels,60 Hz Refresh Rate,Coocaa 138 cm (55 inch) Ultra HD (4K) LED Smart Android TV with HDR 10
SAMSUNG,50.0,46999.0,94900.0,50.0,4.5,Netflix|Prime Video|Disney+Hotstar|Youtube,Tizen,20 W,Ultra HD (4K) 3840 x 2160 Pixels,60 Hz Refresh Rate,SAMSUNG Super 6 125 cm (50 inch) Ultra HD (4K) LED Smart TV
SAMSUNG,43.0,56450.0,94900.0,41.0,4.5,Netflix|Disney+Hotstar|Youtube,Tizen,20 W,Ultra HD (4K) 3840 x 2160 Pixels,100 Hz Refresh Rate,SAMSUNG Q60RAK 108 cm (43 inch) QLED Ultra HD (4K) Smart TV
SAMSUNG,65.0,159999.0,284900.0,44.0,4.6,Netflix|Prime Video|Apple TV|Disney+Hotstar|Youtube,Tizen,40 W,Ultra HD (4K) 3840 x 2160 Pixels,120 Hz Refresh Rate,SAMSUNG The Frame 163 CM (65 inch) QLED Ultra HD (4K) Smart TV
ONIDA,50.0,38799.0,68990.0,44.0,4.2,Disney+Hotstar|Youtube,Android,20 W,Ultra HD (4K) 3840 x 2160 Pixels,60 Hz Refresh Rate,ONIDA Google Certified 127 cm (50 inch) Ultra HD (4K) LED Smart Android TV
TOSHIBA,55.0,48999.0,54990.0,11.0,4.5,Netflix|Prime Video|Youtube,VIDAA,24 W,Ultra HD (4K) 3840 x 2160 Pixels,60 Hz Refresh Rate,TOSHIBA U79 Series 139 cm (55 inch) Ultra HD (4K) LED Smart TV with Dolby Vision & ATMOS
IFFALCON,50.0,37999.0,58990.0,36.0,4.4,Netflix|Prime Video|Disney+Hotstar|Youtube,Android,20 W,Ultra HD (4K) 3840 x 2160 Pixels,60 Hz Refresh Rate,iFFALCON by TCL AI Powered K31 125.73 cm (50 inch) Ultra HD (4K) LED Smart Android TV with HDR 10
VU,55.0,29950.0,49990.0,40.0,4.4,Netflix|Prime Video|Youtube,Linux,24 W,Ultra HD (4K) 3840 x 2160 Pixels,60 Hz Refresh Rate,Vu Pixelight 138 cm (55 inch) Ultra HD (4K) LED Smart TV with Cricket Mode
HAIER,55.0,46890.0,89990.0,48.0,4.6,Netflix|Youtube,Android,30 W,Ultra HD (4K) 3840 x 2160 Pixels,60 Hz Refresh Rate,Haier 140 cm (55 inch) Ultra HD (4K) LED Smart Android TV
COOCAA,50.0,28999.0,59990.0,52.0,4.3,Netflix|Prime Video|Disney+Hotstar|Youtube,Android,20 W,Ultra HD (4K) 3840 x 2160 Pixels,60 Hz Refresh Rate,Coocaa 127 cm (50 inch) Ultra HD (4K) LED Smart Android TV with HDR 10
SAMSUNG,55.0,49150.0,97348.0,50.0,4.7,Netflix|Disney+Hotstar|Youtube,Tizen,20 W,Ultra HD (4K) 3840 x 2160 Pixels,100 Hz Refresh Rate,SAMSUNG 139.7 cm (55 inch) Ultra HD (4K) LED Smart TV
IFFALCON,65.0,67499.0,156990.0,57.0,4.3,Netflix|Disney+Hotstar|Youtube,Android,30 W,Ultra HD (4K) 3840 x 2160 Pixels,60 Hz Refresh Rate,iFFALCON by TCL 163.8 cm (65 inch) Ultra HD (4K) LED Smart Android TV with HandsFree Voice Search
VU,65.0,105000.0,203600.0,48.0,4.6,Netflix|Youtube,Linux based,45 W,Ultra HD (4K) 3840 x 2160 Pixels,100 Hz Refresh Rate,Vu Quantum Pixelight 165 cm (65 inch) QLED Ultra HD (4K) Smart TV
SAMSUNG,49.0,69990.0,129900.0,46.0,4.4,Netflix|Disney+Hotstar|Youtube,Tizen,40 W,Ultra HD (4K) 3840 x 2160 Pixels,100 Hz Refresh Rate,SAMSUNG Series 8 123 cm (49 inch) Ultra HD (4K) LED Smart TV
VU,75.0,84999.0,130000.0,35.0,4.2,Netflix|Youtube,Linux,30 W,Ultra HD (4K) 3840 x 2160 Pixels,60 Hz Refresh Rate,Vu Pixelight 189 cm (75 inch) Ultra HD (4K) LED Smart TV
SAMSUNG,49.0,48355.0,79900.0,39.0,4.6,Netflix|Disney+Hotstar|Youtube,Tizen,20 W,Ultra HD (4K) 3840 x 2160 Pixels,100 Hz Refresh Rate,SAMSUNG 124.4 cm (49 inch) Ultra HD (4K) LED Smart TV
SAMSUNG,55.0,52150.0,110254.0,53.0,4.7,Netflix|Disney+Hotstar|Youtube,Tizen,20 W,Ultra HD (4K) 3840 x 2160 Pixels,100 Hz Refresh Rate,SAMSUNG 138 cm (55 inch) Ultra HD (4K) LED Smart TV
VU,43.0,26990.0,43000.0,37.0,4.4,Disney+Hotstar|Youtube,Android,20 W,Ultra HD (4K) 3840 x 2160 Pixels,60 Hz Refresh Rate,Vu Premium Android 108cm (43 inch) Ultra HD (4K) LED Smart TV
